Date,Open,High,Low,Close,Adj Close,Volume
2019-10-07,,,,,,
2019-10-04,-0.007939435008895379,-0.002133729521989869,-0.0057724564111658605,0.004333352860425688,0.004333352860425688,0.09194185588109471
2019-10-03,-0.011437854051082552,-0.014187261748849989,-0.02150604740819928,-0.013351428299274493,-0.013351428299274493,0.31014330662209333
2019-10-02,0.012820965309203736,0.003649502345346889,0.006390028633065814,-0.008126213395631132,-0.008126213395631132,0.4369280524585242
2019-10-01,0.02140648370497411,0.02384131165856007,0.022188057030348762,0.01798233713797348,0.01798233713797348,-0.2798860775505041
2019-09-30,-0.0059447472944430535,-0.003048994932121518,0.009965914675767795,0.012037918157070004,0.012037918157070004,-0.4145399490494366
2019-09-27,0.006284373394991549,0.0013443925932876688,-0.007535857333177409,-0.004616352902179766,-0.004616352902179766,0.6403922388429497
2019-09-26,-0.0006714636159186327,-0.0003021547117777468,0.005992747413989363,0.005416404984761147,0.005416404984761147,-0.33708608958943487
2019-09-25,-0.005611040459445493,0.0008393205284018546,-0.003790912013907799,0.002087525252525202,0.002087525252525202,0.2790029138639045
2019-09-24,0.011657024952403061,0.0058032641878802416,0.001630859991170297,-0.005879981282843616,-0.005879981282843616,0.32030784646644594
2019-09-23,-0.006212270716245083,-0.0028014808271275005,0.008344326911192468,0.007908865513719832,0.007908865513719832,-0.5417194585398453
2019-09-20,0.009443781258025252,0.005585327759197289,0.00047100280950318485,0.00023476074616168852,0.00023476074616168852,1.0600642181577302
2019-09-19,0.0038953724145378565,0.006518747847328532,0.011095749825550616,0.009387112811409137,0.004747167107238548,-0.1451962262044325
2019-09-18,-0.0034491062363584124,-0.0046591678838984185,-0.008213897356007749,6.649063658947796e-05,6.649405085124016e-05,-0.041597168252558436
2019-09-17,-0.0018303038979766706,-0.0006640063718742484,0.005063070180494567,-0.0005977847771946321,-0.0005977960889844702,-0.434752329787205
2019-09-16,-0.00033342001511360575,0.00039873099590082006,-0.0010007939949957523,-0.002525617995370655,-0.002525566621387587,0.40302588275005724
2019-09-13,0.006470127487595345,0.0034203292445209588,0.004107466858274789,0.0030983208542334495,0.003098330701873042,0.06725415526746303
2019-09-12,-0.0017562429642662414,0.0009596518103205387,-0.0008979280507034337,0.0006642963986089878,0.0006643077702126465,0.17396239904161992
2019-09-11,-0.009228212448132878,-0.007009174975476373,-0.008854578624485576,-0.003451853592662646,-0.0034519190839926717,-0.05606463974806852
2019-09-10,-0.0037190203245919262,-0.007125204862824752,-0.005978166246851546,-0.0070607660283098506,-0.007060696381071763,-0.15800386799978494
2019-09-09,0.005986111413073925,0.0034875183036544577,0.004020687893973474,0.0002348203764328538,0.00023477253639336837,-0.11539490328247659
2019-09-06,-0.0032426353926605644,-0.0016039968454749642,0.0008749797970792894,-0.0005030985713039282,-0.0005030568853566786,-0.03269586795239199
2019-09-05,-0.00462824542989837,0.0002342247879827397,-0.01149893366456134,-0.0007716188869634211,-0.0007716834720051802,0.6791222221549966
2019-09-04,-0.012298237438309378,-0.015962216670042606,-0.005748306122448921,-0.012692223192379393,-0.0126921620760726,-0.4368439827476246
2019-09-03,-0.008767168822038984,-0.008433690460679322,-0.010399948755772659,-0.011223027135739305,-0.011223031621155788,0.47377648105137204
2019-08-30,0.012561496066591626,0.00912272144384163,0.0074325857564159215,0.005881619518525838,0.005881572959644643,-0.08972611264026487
2019-08-29,-0.008497043000145976,-0.0036704256277332314,-0.002779589471777255,0.0004444349279082438,0.00044449493088216663,-0.07951835577063715
2019-08-28,-0.01912788283584288,-0.013951415418864688,-0.018443912035575827,-0.012611840057262791,-0.012611925176856276,0.031041772453600514
2019-08-27,0.01188227378823603,0.003044262561629374,0.0027344399649431583,-0.006992349666359976,-0.0069922684719285755,0.11679372561632384
2019-08-26,-0.007840090935411936,-0.006725338573188355,-0.0015733035051334054,0.0039390839742581285,0.003938997573784686,0.08632060825962329
2019-08-23,0.012705900858999808,0.016527812500000127,-0.007388423895404284,-0.010937479166666653,-0.010937423154786186,1.0595646734913107
2019-08-22,0.00794032000816669,0.0039963893975820675,0.024447006651684644,0.026364679100621125,0.026364702265109896,-0.6536210751433849
2019-08-21,-0.002557719100586886,-0.003640349829831857,0.0045454787440524225,0.0003079320174408373,0.00030788332753428627,-0.04145247201275881
2019-08-20,-0.0024275915388966007,-0.0017073005040275646,-0.006067424221625317,-0.008069809892844337,-0.008069753169572258,0.04183165168087832
2019-08-19,0.0014395346191686809,0.002462724165210206,0.005138782336039371,0.007721710610110177,0.007721643532280886,0.038285616825980195
2019-08-16,-0.019542047848714605,-0.01279514182590702,-0.023092269262336873,-0.011904290202017553,-0.011904306556716926,0.5496641889949563
2019-08-15,-0.005585052843355309,-0.012753506949834459,-0.008148558439594722,-0.014540460144563783,-0.014540424192680756,0.1992127037050868
2019-08-14,0.011197704100012196,0.010852733640978052,0.004851428617261844,-0.0026348147402385225,-0.0026348097332519194,0.3622612664554634
2019-08-13,-0.0011456138854469833,0.018736594124007633,0.012686689008785779,0.030468454324799943,0.030468443828039593,-0.3046870679631122
2019-08-12,0.007715302276892544,-0.008635080917254734,-0.001183170997172689,-0.015313557285122847,-0.015313534923140137,-0.30511411477012673
2019-08-09,0.009035715551529266,0.005589674852868987,0.009163142292504256,0.012323351663611648,0.01232332179183393,0.43038963734365376
2019-08-08,-0.010116864213272403,0.0012958839618022466,-0.002209508072698152,0.006858240293159623,0.006858266385209255,-0.06418542622426116
2019-08-07,-0.01802362091747156,-0.016347619650358136,-0.024116815192664176,-0.019242538301930234,-0.019242540605238445,0.6026228454099065
2019-08-06,0.005309458621155949,-0.0027006370095405963,0.007942100157853904,-0.0005903844129929725,-0.0005903443272076148,-0.14128388025236838
2019-08-05,0.007624748940229242,0.000590133296378248,-0.009005199131156827,-0.013828982508505172,-0.013829034424121978,0.4807628423756769
2019-08-02,0.019993786941494562,0.020505895647455308,0.032585520969098836,0.031005523863580242,0.03100557898889389,-0.34683801653077506
2019-08-01,0.012761612807317801,0.022949816791612454,0.010519068625350458,0.007586634672726245,0.007586571945700893,0.22181555926910312
2019-07-31,0.011391075039158371,0.0010968757452864963,0.004218332555330662,0.008784415395257428,0.008784427861788346,-0.2692065566231512
2019-07-30,-0.0035881126810893837,-9.95982696043729e-05,0.014532445208708111,0.01106145337534925,0.01106140750048712,-0.5601811881985933
2019-07-29,0.00656864050456929,0.0027891123410086482,0.00454110669942609,0.0024607275789416683,0.0024607763501955926,-0.16843333551440598
2019-07-26,-0.0037100668525560376,0.0007284559872700047,-0.0007645371295089687,0.0018245174033724165,0.0018245017752256398,0.18248724640342018
2019-07-25,0.0005984572217561102,-0.004069784453007208,-0.005022985912830014,-0.006655441652414162,-0.006655416981077633,0.22868372663533254
2019-07-24,-0.005815112608392958,0.0014618006644517845,-6.682826051429558e-05,0.00480000666666669,0.0047999977710875275,-0.14768540331912605
2019-07-23,-0.000167074433189085,-0.00467755769189504,-0.0029088067526004124,-0.00467755769189504,-0.004677599210425654,-0.05610083620682349
2019-07-22,-0.005114762062173539,-0.0050994867349916095,-0.003956783569321942,-0.0070993067596551995,-0.00709929078446403,-0.020787846828753787
2019-07-19,0.00816512927145241,0.005259654941373482,-0.00020198625835621264,-0.002450423010079028,-0.0024504148237862733,0.3446644102286762
2019-07-18,-0.009498756547497655,-0.0027327189684771547,-0.0009428210304698315,0.0055859404629767795,0.005585938926461864,-0.12416792493345108
2019-07-17,0.008614011180631875,0.0022723241436926056,0.0035051498413825044,-0.0036475489322296273,-0.003647564009303661,-0.29880371882333256
2019-07-16,0.0030024820683902664,0.0031674458112629367,0.005709720081605418,0.006851645961296837,0.006851674705466992,0.01703282523455507
2019-07-15,0.0015965774474619998,0.0008308960244798325,0.0025046753773398933,0.0032357095311084105,0.0032357191680545405,-0.07503663018654794
2019-07-12,-0.004250652471513017,-0.0013283100101565415,-0.002265205354840427,-0.00033252202826272725,-0.0003325277204502264,0.18955752212389387
2019-07-11,-0.0017675470715182717,-0.0038241078639802417,-0.00437380373363816,-0.004456996596514107,-0.0044569820743431965,0.2603803997421019
2019-07-10,-0.003173900767682203,0.0002670972811011918,-0.001408494242448155,-0.0023387558206459103,-0.002338798745869064,0.149970192479848
2019-07-09,-0.009484821018950096,-0.00714147691194722,-0.007723782684276426,-0.004755309840024258,-0.004755297647921708,-0.29679461406195196
2019-07-08,0.004973949229324148,0.002487298424846296,0.0025043656844860873,-0.001244977951849191,-0.0012449501922061623,0.11533698447494367
2019-07-05,0.0014477357177287153,0.0012740729137639129,-0.0007089021649147043,0.005525180113616912,0.005525182181605581,0.12729648486752265
2019-07-03,-0.0008741561264512532,0.0006027055684416638,0.003411975831492997,0.0011391711125527948,0.0011391909165459069,-0.2085712682357631
2019-07-02,-0.005283020516122172,-0.007797392896788158,-0.007878244181067529,-0.007931710492571908,-0.007931707950835087,0.5038179510940393
2019-07-01,0.0036196612235546155,0.0014503794883597987,-0.001187749451317499,-0.0025975407960826535,-0.0025975388814832856,0.2796722191059191
2019-06-28,-0.013819624163197264,-0.011349942248587985,-0.007882231177484433,-0.008996834079728955,-0.008996903149481539,-0.24591261612896664
2019-06-27,-0.004340655740066035,-0.005075762428578212,-0.003835467832078776,-0.005119453924914641,-0.005119447763731855,-0.32005748859747707
2019-06-26,0.0015104253304756288,0.0008559885013763591,-0.0018564026682043044,-0.0035334442538594857,-0.003533456988773276,0.2782714495281897
2019-06-25,0.0066838457583549005,0.004857900891915401,0.0009988255347237462,0.000998412913559621,0.0009984824861912767,0.5901688284749995
2019-06-24,0.0018045590001540823,0.002893732230854873,0.00973708317486821,0.009905093207281057,0.009905071206701255,-0.4199261965629103
2019-06-21,-0.0003398905490983317,0.003190990703655583,0.0009882066276343249,0.001225939863815917,0.0012259664300366957,0.7508359130524329
2019-06-20,0.006493740752494759,0.002673284479582261,-0.002144624790828553,0.006326479591836742,0.001455756351577353,0.39924018269225003
2019-06-19,-0.011789018017493769,-0.008977098369795877,-0.005663029958328569,-0.009463892185352485,-0.009463976550542652,-0.32508878785279227
2019-06-18,-0.003965042035824595,-0.0002723889039140115,-0.001646862450177089,-0.002252112210824553,-0.002252069915834265,0.08592884089360697
2019-06-17,-0.006417604940924249,-0.011411267909258838,-0.006220134926290588,-0.010362513892527514,-0.01036259441124976,-0.5411038593172806
2019-06-14,-0.000897965632348785,-0.0009992695162314158,-0.002662663457495884,-0.00038008432767877576,-0.00037997086716756723,0.33461971090938314
2019-06-13,0.00048393830865167686,0.00017251750839020197,0.0007280988769029495,0.0011061916232388835,0.0011060536135152343,-0.06458708793361456
2019-06-12,-0.002626050503649946,-0.002482933211558347,-0.002771769156187709,-0.004109303313146517,-0.004109206649573038,-0.03777489927510769
2019-06-11,0.0081415426755711,0.007398132911631938,0.001250733066656018,0.0017683656627291988,0.0017684016070473874,0.24513602979427263
2019-06-10,-0.005567184630646427,-0.0019903466435898798,0.0023943438710543052,0.00024232260800949312,0.00024228098447709456,0.03679659216286124
2019-06-07,-0.011887901508240262,-0.00677395279754589,-0.010835341344468952,-0.004567972438080048,-0.004567998280632368,0.221600319741575
2019-06-06,-0.009232973331342764,-0.011424676930766653,-0.01109394243346895,-0.009907895217964091,-0.009907919322097114,-0.06518993647690519
2019-06-05,-0.0033888311253503778,-0.008965148336829931,-0.00796262853190921,-0.006460663895814456,-0.006460621397413879,0.025050986311471624
2019-06-04,-0.018453555200992566,-0.008162822296293726,-0.01319924339185663,-0.00858775826014202,-0.008587724475760616,0.08517950757133996
2019-06-03,-0.006531455804912323,-0.014714283536411688,-0.012761185249822726,-0.021245471148346073,-0.021245539710550987,0.2485514405316973
2019-05-31,0.0032327703551107145,0.002061135507986478,0.007872840570842365,0.002549375321974079,0.0025493683813815338,-0.09919525449039701
2019-05-30,0.010535745378606132,0.01053700221090148,0.009337335028968718,0.01365935318143241,0.013659460808202128,-0.28020050009900666
2019-05-29,-0.0007164953271019403,-0.0024283101633524318,-0.003959565918862262,-0.002723757311843822,-0.0027238086225722657,0.6789270645738104
2019-05-28,0.014986884443198178,0.01714636761596333,0.012359560952752036,0.006756046553047401,0.006756044999746136,-0.3328811531357141
2019-05-24,0.002296068420587938,0.00017602675015382374,0.006996719255404349,0.009387845997955058,0.009387884037590943,-0.21078718366857352
2019-05-23,-0.0020440756341746358,-0.0034835360949949656,-0.005388312317179844,-0.002263186937772166,-0.0022632340486172797,0.7864518592099239
2019-05-22,0.008087328604501565,0.012287740936371083,0.016145699422533077,0.012369709415376517,0.012369670202489358,-0.49882917501402757
2019-05-21,0.001331143752062669,0.0008371097642951852,0.0015783303771659263,0.0030809263193480874,0.003080979243554882,-0.05325923306219371
2019-05-20,-0.006192453837952305,-0.003380622533943445,-0.00850986903210782,-0.008935108410348391,-0.008935187526649346,0.3421876701012443
2019-05-17,0.0038020735323669452,0.009232113173482492,0.007064142537866358,0.006656044797067828,0.0066561609263458,0.5960055727317837
2019-05-16,0.0024548676551061632,0.002113600094658441,0.0022447215601277826,0.006507192926213268,0.006507172836671904,-0.23520373083016954
2019-05-15,-0.014868458086600311,-0.011894478431071831,-0.015397623341348643,-0.009176273513676447,-0.009176325217504444,-0.036393675015895854
2019-05-14,0.0014204837021269956,-0.002344483415996468,0.001741615816478026,-0.005823349511144049,-0.005823357999040657,0.041197245944908145
2019-05-13,0.0015249583859342497,-0.005647197355723721,-0.006812180092697906,-0.008962628982977283,-0.008962584024080678,0.6530546782471378
2019-05-10,0.01133057804936799,0.019224707016992193,0.00846638466496863,0.025778043817811902,0.025777990530300388,-0.1167502680875635
2019-05-09,-0.0013653946041138898,-0.005572142966898674,0.0035423310042790312,-0.004998271329435533,-0.004998296457372042,-0.07967851796640202
2019-05-08,0.008063625534832086,0.007308690686712138,0.012601507769919307,0.003034936816647793,0.0030349782105074663,-0.11503501944021088
2019-05-07,0.009112075293402633,0.004768009651300975,-0.003695043115262031,0.0013911383208400352,0.0013911797951089433,0.5805677292250702
2019-05-06,-0.003101823259041625,0.008596678302648986,0.010811364268649593,0.016983343586577826,0.016983300404161517,-0.2593230562585893
2019-05-03,0.012342288677614333,0.0035116361768205984,0.008307352197452822,0.004132203985638405,0.004132230464724884,-0.4725307631385258
2019-05-02,-0.0038932244134533,-0.005571733445290827,-0.0061105357821023,-0.009692908919814003,-0.009692932279724675,0.15008745448210847
2019-05-01,0.01042240836861219,0.007687051273506551,0.007875100464997509,0.0021636273615817103,0.002163666503906647,0.10213254764709312
2019-04-30,-0.00417349007813006,-0.0020682013059217796,0.00041132626777207193,0.00757339027156978,0.007573366933792736,0.13170852174980707
2019-04-29,6.821357007802398e-05,0.00037377183357723,0.005104107062368524,-0.0005101489885437349,-0.0005101769433313308,-0.29482799645427227
2019-04-26,-0.004803938373345473,-0.0032603904257950678,-0.007395841895016075,-0.001565287398599513,-0.0015651729020923488,-0.10981735279565441
2019-04-25,6.843204241491208e-05,-0.002419131909745742,-0.001751061040758839,-0.004635206644147072,-0.004635371674657329,0.1346226363214995
2019-04-24,0.002293625946419686,0.0012979199443197142,0.004609073536615327,0.0006164115986884156,0.0006164699072417346,-0.1277113564095418
2019-04-23,-0.007206584702826979,-6.818460815682936e-05,-0.005649309961498372,0.002224254784016555,0.002224204635946414,0.03678494391074927
2019-04-22,-0.00519464715963458,-0.00921065996397663,-0.00464846064172586,-0.008911554068021688,-0.008911469915720671,-0.23133562758150772
2019-04-18,0.0032160769035205483,-0.000413149012442271,-0.0014183519219271856,-0.0008612671287901996,-0.0008612798592277926,0.7108647637829586
2019-04-17,0.00448117191696995,0.003823319003984693,0.0011431649533266697,-0.0019653024674791686,-0.0019652855387002344,-0.1519491765938712
2019-04-16,-0.0015442073070186524,-0.0014411111075997018,0.001764801611294553,0.0024529002265165634,0.0024529013337155625,-0.10494728694676181
2019-04-15,-0.002440357349083211,-0.002267976967527785,-0.00145082210708114,-0.0006548214687784881,-0.0006547790554186639,-0.04901904389375911
2019-04-12,-0.0008268674485552019,0.000413277070846485,-0.0028365055931733885,0.0006552505409000986,0.0006552080719410824,0.4058959567874476
2019-04-11,-0.004034527586206815,-0.0056116121953674325,-0.0023590611822985608,-0.006720474817749178,-0.0067204249402720295,-0.20988328901815345
2019-04-10,-0.0036699721210041725,-0.0015578902029896868,-0.0009388309764406522,0.000277637842194034,0.00027760049118352725,-0.04522526414378569
2019-04-09,-0.00017370817635897762,-0.0010750302849423798,-0.0021230935374549897,-0.0033993928662300332,-0.0033994294062670294,0.2574223168540821
2019-04-08,0.0013207458594441945,0.002881203268035426,0.0023368781721571086,0.005151268700367195,0.005151222322559157,-0.1901355108606746
2019-04-05,-0.0006247587513067421,-0.0009691564713004697,0.000800400194877593,-0.0007618061329816017,-0.0007616811784881827,0.09437650164375744
2019-04-04,-0.0039594816217236595,-0.00405368111329929,-0.005528497798431897,-0.004816903927232996,-0.004816992786868646,-0.16417469981252675
2019-04-03,0.0018830044001776347,0.001043689589484531,-0.0009090940558339478,-0.0026463542674438623,-0.002646399829289048,0.39278942803204253
2019-04-02,-0.0044549560379203434,-0.005316927115758818,-0.002309725284339481,-0.0015711611604458664,-0.0015711461283867134,-0.4128294101097252
2019-04-01,-0.0046846488527413355,-0.00024458301823560014,-0.0024202953792878956,-0.000489610796623241,-0.0004896326476889756,0.9370383125698769
2019-03-29,-0.008113793124813862,-0.01160192882860045,-0.01146265495350185,-0.011720169864472663,-0.011720110156363206,0.05886399915483409
2019-03-28,-0.0072240833302834595,-0.005762993293211505,-0.007362907766793825,-0.0062660008888203444,-0.006265897755324712,-0.3157234495077068
2019-03-27,0.0027108221285359058,0.001955901346335942,-0.004085046659994318,-0.0037761285097971387,-0.0037762414506736786,0.28425722592174396
2019-03-26,-0.0004268613937709054,0.0014905699357408153,0.005864804235072185,0.005256574402072056,0.005256630634762116,-0.05675066840014564
2019-03-25,-0.007544734956572485,-0.007052204441723275,-0.006867874566231724,-0.007398925857266092,-0.007399002241356256,0.2561331299843379
2019-03-22,0.015598687840188585,0.01288406429291511,0.0055466716496179735,0.0007525479975167837,0.000752526293695599,0.43335101758453387
2019-03-21,-0.009109476699705077,0.004862597104831501,0.005050515922894183,0.019624032229185184,0.019624096355018716,-0.35145235624204607
2019-03-20,0.005416152076531233,-0.00589099179899355,-0.0009622189096150091,-0.011168555744550557,-0.011168558617309032,0.06359238922745836
2019-03-19,0.004784540618308242,0.0030334567901233456,0.0038884024428553765,0.003019023392748288,0.0030190467460922132,0.0668827976153894
2019-03-18,-0.006913413745073926,-0.005978270817534215,-0.0003909455898377656,-0.0002479001469100073,-0.000247964814291346,-0.3109437331681957
2019-03-15,-0.0035872102399094885,-0.0015920646488069012,-0.003448279564092882,-0.0036127547443268737,-0.0036127185818171093,0.30722285280660055
2019-03-14,0.002958529882987282,-0.0013110627256284202,0.0012129490806132015,-0.000533198254830558,-0.00491623243622108,-0.16960730054483508
2019-03-13,-0.003163038048886624,0.0019160126584729653,-0.0013183631412736485,0.0006401764028995949,0.0006401961083601915,0.19432924950828223
2019-03-12,-0.005062795722722613,-0.008180458811168356,-0.0051729649021603485,-0.006575694982237867,-0.0065757012034450835,-0.012049970733836624
2019-03-11,-0.01361710036276853,-0.005177319826324522,-0.012981871694849545,-0.0037568000199219576,-0.003756841754781526,-0.1828675432265353
2019-03-08,-0.008428423729258894,-0.014248801490359786,-0.01020963516947293,-0.01429396269003036,-0.014294006647101565,0.31793010327363436
2019-03-07,0.014252161542814168,0.008519920084178123,0.0060568017078832526,0.0020040042921958268,0.002003999161442227,0.10594108336305497
2019-03-06,0.008380620268569228,0.007834268667976207,0.010581216207288247,0.0084359729305854,0.008436080414592206,-0.2091508571946491
2019-03-05,0.0013971520988103059,0.0021493265202847667,0.005199129850889772,0.006093830740344641,0.006093824380256629,-0.21222338012627961
2019-03-04,0.007369238512115794,0.0075421251236014175,-0.005639193913448692,0.0013619275140892562,0.0013618525957259653,0.8014940471558634
2019-03-01,-0.004119332298593847,-0.0035122220085895828,0.007152185481175799,0.0036507481098944083,0.0036508469468319316,-0.25930047157320657
2019-02-28,-0.005277460381703958,-0.005091117112447918,-0.0017932715997672766,-0.006205049280844199,-0.006205213490838024,-0.12185774684491102
2019-02-27,-0.0015772942866204565,0.0005009267990296884,-0.003018094204057631,0.0018660076541625603,0.001866058120551184,-0.1782445938474021
2019-02-26,0.0021902054577489505,0.0025394041638027165,0.005117424476388743,0.00042978150015260397,0.00042979235462348164,-0.0013615218124578554
2019-02-25,0.005732117548595372,0.0036033180279695376,0.0019003191516742124,0.0007159601710879926,0.0007159765535038609,0.2143863655155065
2019-02-22,-0.009332903135888748,-0.0069319007993452475,-0.007264785638097293,-0.0013593804198382964,-0.0013593041752667512,0.13159217565517944
2019-02-21,-0.001474139808392616,-0.004510234348702347,-0.003785104624046909,-0.00616178945179191,-0.006161836715609659,-0.17794240769331215
2019-02-20,0.00039606047982454484,0.002948604754794415,0.0032567178594524737,0.0035685637430924455,0.0035684871621572967,0.19304146869797734
2019-02-19,-0.004787397896313328,-0.0012190806831776646,-0.0028133417493237944,-0.002011414790971444,-0.002011465484736741,-0.2282967936635566
2019-02-15,-0.0004341217998576896,-0.004199809945428679,-0.0012297753780525778,-0.0017275903891827982,-0.001727416740899046,0.642208833439331
2019-02-14,-0.009335599001425443,-0.006380407968272106,-0.011806069391118723,-0.01077978892417697,-0.010779790432476677,-0.14269734788909527
2019-02-13,0.004565709710591337,0.001052017066535127,0.006193436548419307,0.0022231394011382744,0.0022230270939411767,-0.21574252953105932
2019-02-12,-0.009489822962912675,-0.005110006290617419,-0.008085671678945805,-0.003236423260352006,-0.003236338946819406,0.10712775670525088
2019-02-11,-0.004478382430735617,-0.01103744398008133,-0.008482033612132178,-0.012696136168636185,-0.012696241855310042,-0.058790483491120815
2019-02-08,-0.009033967151889422,-0.003351884170756936,-0.008147287368615697,-0.0005542605970414449,-0.0005542184250426629,0.11419200428100562
2019-02-07,0.008148844651162834,0.0035848955820962924,0.001717589599106395,-0.0012200465810623395,-0.0012200211377257908,0.2598414807445417
2019-02-06,0.006828105803291518,0.00659181763616945,0.013530149756713294,0.009624545997008127,0.009624570333055527,-0.3889130935673739
2019-02-05,-0.0012830638529727212,0.0003658666915324904,-0.00014713150223333304,0.0013199971152013656,0.0013200319582222786,0.36342415652346793
2019-02-04,-0.00855240413630598,-0.005156535216818692,-0.009268868448049306,-0.004174349963214641,-0.004174458186786301,-0.23642159672569663
2019-02-01,0.00014812114405904353,-0.0030510862884648438,-0.0006682210054324011,-0.006986296009989235,-0.006986257529039475,0.41217849099840653
2019-01-31,-0.009772289685854973,-0.002691780854346182,-0.007095638790658665,-0.00048139302733751776,-0.0004814632807290664,0.21250954448751203
2019-01-30,-0.00900902362494782,-0.007209716392909571,-0.011299394336413915,-0.008705983258407324,-0.008705924673276133,-0.1109332471895097
2019-01-29,-0.004451124003369555,-0.014784750344973507,-0.0066981608325449304,-0.015584061598747256,-0.015584065272512104,-0.2848096269533932
2019-01-28,-0.0020081766213007057,-0.0027216066250586035,-0.002628779225401612,0.001328749837458787,0.001328844778992977,0.294503925983159
2019-01-25,0.00842845162524486,0.010878312327703643,0.007143110644837636,0.007658435408764319,0.007658398684121437,0.13163430619164918
2019-01-24,-0.009035782295609085,-0.009373827849696537,-0.005992630569784829,-0.008390439492777846,-0.008390482064885907,-0.3889138903052536
2019-01-23,0.003039470488793272,0.002233145243006218,-0.00541812832125943,-0.0005311478139774506,-0.0005311632434634728,0.4531138890718718
2019-01-22,0.0030680541241596693,0.0010196343926254237,0.0015345430593947107,-0.0020880717954813166,-0.0020880664234310675,0.34291290394198315
2019-01-18,0.000604199062648636,0.007243692048922279,0.007431249578114141,0.013695526917115286,0.013695533717977826,0.10706285401692361
2019-01-17,-0.018756135533559037,-0.011461524735647766,-0.011558969581749068,-0.013135180207973551,-0.013135175555477163,-0.2484896438866836
2019-01-16,0.0031536362773110227,-0.007388647711229157,0.002461975004453665,-0.007529586506564878,-0.00752966796968213,-0.1922805623064887
2019-01-15,-0.01154000747621109,-0.004847841337374925,-0.010706093383589521,-0.0024139971394206983,-0.0024140016337359516,0.09752604116352193
2019-01-14,-0.0037236132725726456,-0.009206075525612256,-0.005430332457471265,-0.011330946541249665,-0.011330770678979363,-0.1678252001272177
2019-01-11,0.0031924318612726044,0.002748827073116411,0.0024179828802624037,0.006138372326457864,0.006138293456033672,0.04160167653388469
2019-01-10,-0.00551064513572852,0.0005791050315004931,-0.005952608668064574,-0.00038615335451508415,-0.0003861023013590481,0.3109449065166854
2019-01-09,0.005072925736637535,-0.0009646550244689633,0.002700594911937415,-0.003515157534086155,-0.003515190808255242,-0.01876912621780369
2019-01-08,-0.00287308202262071,-0.006179776660928171,-0.008548350766631407,-0.004651750185479697,-0.004651752840789447,0.07900503754475996
2019-01-07,-0.01608132110984628,-0.005285457271660299,-0.009094480314960629,-0.00930787904500796,-0.009307879911712225,0.00611144386153506
2019-01-04,-0.020182856304698626,-0.011095901673325859,-0.017958615614775186,-0.007822965488187505,-0.007822925705639139,0.38287807436752885
2019-01-03,0.002584918657214219,-0.017936841618518273,-0.014160294648705718,-0.03241012731253279,-0.03241018050824784,0.010600243429097045
2019-01-02,-0.00906417450049024,0.010620750394877643,0.00935691311492537,0.024446115346944186,0.024446055996285576,-0.11943538500923057
2018-12-31,0.014554037150240395,-0.004060367706609669,0.006180134248995106,-0.0010392317822154329,-0.0010391313843559624,0.13688534664511076
2018-12-28,8.015707709696507e-05,0.004836292379101437,-0.004121727869552783,-0.008682770556040054,-0.008682873716868267,0.060989858585690504
2018-12-27,-0.028087166214543213,-0.012370728218871752,-0.03039151994795941,0.0012916528758828427,0.0012917507894532054,0.21663655566746476
2018-12-26,-0.0272086647546661,-0.008498127429565683,-0.02176101375825601,-0.007618873490014222,-0.007618890711250548,0.17296702104985684
2018-12-24,0.013010094448404175,-0.021691433714518094,0.00218176339368914,-0.048094879099294,-0.04809488180093202,-0.3257599821315291
2018-12-21,0.03221223320567934,0.03682947661234803,0.0243735514684158,0.027140057645132165,0.027139978610200233,0.7333706239019873
2018-12-20,0.012644872889582714,0.007648824422162637,0.019459946986581267,0.026879938016783456,0.02091823881169863,-0.012893114273361261
2018-12-19,0.021251888972817268,0.030919637368246322,0.019211167444377786,0.016547303609235176,0.016547216806899634,-0.14703471565945947
2018-12-18,0.00795553558769102,-0.005589753406085141,0.015760950091976422,0.01520340315218105,0.015203462557251468,-0.37432741933683356
2018-12-17,0.008553584359863864,0.010467074527602538,0.0009870499091402252,0.0010976909118887157,0.0010976616304012587,0.23028790076355743
2018-12-14,0.013723967164008588,0.012967600528700052,0.024928044116783177,0.020010964833916844,0.020011103008059195,-0.29325352297357643
2018-12-13,0.01353817356952991,0.013104537412810924,0.01643251453301886,0.01881212416473277,0.018811944251017287,-0.17354829939184913
2018-12-12,0.003564505625129444,0.005645108439385149,0.0047326973484154156,0.00033913404565577565,0.0003391899443743185,0.013593661257134348
2018-12-11,0.0007103712539338058,-0.004200762081784326,-0.010890394748660381,-0.005010118455100909,-0.005010138823441035,0.24013566490808524
2018-12-10,-0.016027829843415775,-0.01011681431509337,-0.014705942693670426,-0.00022715329142564133,-0.00022707236264662978,0.2464231747986081
2018-12-07,0.023123347820999784,0.022854114152147664,0.015505413647540989,-0.0018934372959666934,-0.0018933457309653345,0.06321069107846422
2018-12-06,-0.013137304676893669,-0.004608804643430386,-0.0007234626523348053,0.02378870445604231,0.02378860600872068,0.2680834361680524
2018-12-04,0.0468185220794195,0.032892562014696036,0.02842551418666739,0.0015194337610351383,0.0015194063925862977,-0.12831181857272855
2018-12-03,0.006861386048449658,0.005558500866591265,0.028195687918392665,0.03348746716003692,0.03348737102268062,-0.4203122717517108
2018-11-30,-0.02308406244856598,-0.014693277775177038,-0.01463009568555751,-0.013068364328035709,-0.013068189266470354,-0.04819033053133326
2018-11-29,-0.00036524232398560397,-0.0026422868200460803,-0.003730184513577539,-0.006058345860148973,-0.006058482150466782,-0.16147781866763333
2018-11-28,-0.015015838424400019,-0.0035202360451562775,-0.015049759957964759,0.0021898531860413684,0.002189858144160617,0.5499111072250882
2018-11-27,-0.012092024953441638,-0.02250707732752577,-0.009950371294133453,-0.02250707732752577,-0.022507047870899632,-0.4084256316716498
2018-11-26,-0.002102564422956421,-0.002421736268742203,-0.0012045772610920213,-0.003353181893141155,-0.00335325428548805,0.059322617559177004
2018-11-23,-0.009782549513818073,-0.010943017740429606,-0.008555020103339417,-0.015887850467289688,-0.015887678850169507,-0.46477681060846643
2018-11-21,0.010183114489253686,0.008798379799151768,0.007374474278248,0.006723604938271732,0.006723498038593956,0.7651811931909764
2018-11-20,-0.0018806891905902567,-0.0005614598666245918,-0.0070186631818173195,-0.0033959476166154356,-0.0033960209472957414,0.8000878728807614
2018-11-19,0.028979512491305037,0.023895149812733996,0.01869661072460449,0.01885510788382372,0.018855177622789876,-0.24231204965692876
2018-11-16,-0.004614462755442417,0.005011321146182635,0.011713298459383514,0.0172055180110251,0.017205533114227567,0.22905017091703317
2018-11-15,-0.011074763237525653,-0.004403970882620567,-0.015486085097801472,-0.0025938770740048245,-0.0025938007444240574,0.06657877285502267
2018-11-14,0.020016388942690533,0.003911588670014288,0.0053930637282100236,-0.010328829805937745,-0.010328882053583732,-0.072282744664378
2018-11-13,-0.003902859587060825,0.0026219075755749,0.010430202551080514,0.006883737666155243,0.006883685159143393,-0.21669210497550984
2018-11-12,0.015013387747825124,0.007736186033379555,0.002728073732718883,0.0018746195829935086,0.001874692116764276,0.015248032626919317
2018-11-09,0.006638035234763029,0.006415335751956963,0.015404989720393836,0.019040990815985204,0.0190409498282591,-0.008638195068704224
2018-11-08,0.0038705013936510824,0.0070907143350062984,0.011007343316139284,0.00986459497895309,0.009864531352228312,-0.33626986841759043
2018-11-07,-0.00910352053319341,-0.0004266944014410523,-0.00766425754722333,0.0018182174688057273,0.0018182843110918778,0.5667036162287356
2018-11-06,-0.015275944050122225,-0.020633290203487253,-0.01382267641004331,-0.020960160814200157,-0.020960116168625254,-0.41523433584325775
2018-11-05,-0.00321968746327439,-0.004685717603445605,-0.0069533174748398485,-0.0062880925830200995,-0.006288155320215649,0.09214474610515944
2018-11-02,0.008478923737491373,0.0044523957354696275,-0.006486124787482117,-0.005486667097187148,-0.00548674526681403,0.868781286906168
2018-11-01,-0.011464946314831637,-0.0054499870655456695,0.002930409183284466,0.005958273237801848,0.005958311266555771,-0.18868406095857515
2018-10-31,-0.003497834974274694,-0.0018266173963658039,-0.0009616465537085617,-0.010529797428620813,-0.010529774925386648,0.2894748479823106
2018-10-30,-0.02578969575000256,-0.0187022500979952,-0.0259144088907598,-0.010567993005801357,-0.010567998364979347,0.22463391383851294
2018-10-29,0.01945604258001077,0.00794422288423502,-0.012427748031843877,-0.01460209941600299,-0.01460214929442194,0.023123679319738244
2018-10-26,-0.01071419318664557,0.0027752081406104967,0.00939004403948318,0.00557114410508297,0.005571208116922355,0.2539703177187307
2018-10-25,0.005490342691883088,0.0029889225092252225,0.015021548152068576,0.01790223582983108,0.017902205351791656,-0.3150848370776874
2018-10-24,0.022252905560384173,0.007174173188434496,-0.005746906572452359,-0.017624334379133577,-0.01762423116599432,0.28788040112558533
2018-10-23,-0.008707332210863505,0.004054591464984325,0.014771336693403692,0.031245204964886142,0.031245196047393176,-0.17689997058603524
2018-10-22,0.022328797682430013,0.00905879159345857,0.021592715550019514,0.005116863699254459,0.005116844692716782,-0.4368686057722201
2018-10-19,0.00046933212996380647,0.006994530952256772,0.003862821998282362,0.004508890421843104,0.004508859674642984,0.6975094581378813
2018-10-18,0.008191061808698885,0.0027569603762389594,-0.0018150796754090592,0.0005429647058823317,0.000542937303437796,-0.03819899129102167
2018-10-17,0.003722290702697695,0.003856132299093318,0.00941919842375838,0.014652742720392409,0.01465283574286369,-0.17785333407651005
2018-10-16,-0.013692754145679942,-0.001173704453289126,-0.005368176288861437,-0.00017834907420155588,-0.00017845300352392623,0.06896932005134415
2018-10-15,-0.0037961604382612535,-0.01346057227325681,-0.0064114860546947705,-0.02139800331094155,-0.021397876054235043,-0.1352331133018423
2018-10-12,0.004427512441045778,0.00018043242266863047,-0.007036066658522633,0.005648753767830028,0.005648714331973892,0.7913150022930913
2018-10-11,0.0011200564090061427,0.006532166538412376,-0.007379704214482308,-0.013698129500353207,-0.01369806183569322,0.5003316292412379
2018-10-10,0.03518839489479264,0.02872000778888517,0.02781484101650622,0.022522595095735287,0.022522567269326554,-0.21870684997298429
2018-10-09,0.0019524736791205477,0.006796490093806451,0.031992168706057145,0.03269854973906794,0.032698448678283976,-0.6538040618261918
2018-10-08,-0.0011831552324461647,-0.002215550900897645,-0.004428598000887796,0.0014614231341980588,0.0014613337092026502,0.18029836290507006
2018-10-05,0.009197053162740554,0.007112580642868238,0.002521894921190704,0.0,0.0,0.2075341169927356
2018-10-04,0.0051433980797170875,0.0033417199047744983,0.005031105425787663,0.0056285003147817925,0.005628646138589266,0.05279953035203766
2018-10-03,0.0053575006439401385,0.006764184410252172,0.012723364211591814,0.007877276755961171,0.007877244423047491,-0.4200181270669743
2018-10-02,-0.00403085345463039,-0.002898966699944383,-0.0006178497723294818,-0.0005484814186599296,-0.0005485009838799293,-0.26951863061213766
2018-10-01,0.0018863595958729107,0.001949678578619496,-0.0005495774945262211,0.0005831149717594464,0.0005831731802363738,0.3136111828211823
2018-09-28,-0.007257523223658469,-0.005632724676301715,-0.0035397586124910063,-0.0034621395191323234,-0.0034621241881228615,0.12906961946812845
2018-09-27,0.001448374131810759,0.0021628845171755007,0.000517309859604298,-0.00010318863475777817,-0.00010330972447658571,-0.15468231480609607
2018-09-26,0.0017217037743644248,0.0011304374481113655,-0.002378497020782522,-0.002786463223458213,-0.0027863738648881142,0.34582907872640267
2018-09-25,0.002131226123114116,-0.0020188749664273864,0.0036972011513465297,0.0030012245929138537,0.003001057460802592,-0.4435644979853197
2018-09-24,-0.0006517442481109859,-0.0005142945416963807,-0.0003787386251509206,0.0009285950128976594,0.0009287446842836111,0.20373225152129826
2018-09-21,0.006006727617309471,0.005900518010291567,0.004959200416007059,0.003333107816178016,0.0033330345302524655,0.9749202390581468
2018-09-20,-0.0015352997582352979,0.002455497570235776,-0.001953353222667986,0.005445381877646094,0.0009145665291674376,-0.04853161319192223
2018-09-19,-0.005706717859483512,-0.007654623340446198,-0.0014077840065849223,-0.008038647402760613,-0.008038696619411034,-0.5109574873007934
2018-09-18,-0.0047771728880048325,-0.0003771641099991063,-0.004401193333615994,-0.0010644770240212376,-0.0010644591542814386,0.2618101653199023
2018-09-17,0.004282132936209937,-0.0024693121342378443,-0.0017958522588505943,-0.005396885560525533,-0.005397065828386616,0.10194670145841145
2018-09-14,0.0008252217668092143,0.0014096266971890259,0.0033560564763381873,0.005322489186735169,0.005322511809008557,-0.19289754410644155
2018-09-13,-0.002542400209870288,-0.0007895767112484631,0.0,-0.00017195406745118547,-0.00017186811982061734,-0.07345147685453313
2018-09-12,-0.004340069473751318,-0.004260654761043536,-0.006103410344827642,-0.005879696305181925,-0.005879627165740309,0.1719748717526679
2018-09-11,-0.005846547470051533,-0.0008626639418632953,-0.0043368141841413355,-0.00024213821669449853,-0.0002423344907942493,-0.15516094083342813
2018-09-10,0.004767355756817748,-0.001761281371560619,0.003136086018200146,-0.003286566474446584,-0.0032864699922059426,-0.006324892886474531
2018-09-07,-0.006095376674356667,-0.0011762973616569194,-0.00406424197470745,-0.0017355084678477573,-0.0017354680769737785,0.464319500347534
2018-09-06,0.007561443016322222,0.0027363282548114043,0.00101150643194714,0.0019471418230776472,0.0019472086805900624,-0.10356913585620087
2018-09-05,0.0008992218758270276,0.0005182389898870099,0.003101097560975541,0.0030191386310503,0.003019076931863429,0.09926429868654019
2018-09-04,0.0014857537543864208,0.0019678772630915553,0.0027440270896510466,0.0026986783472258136,0.0026986730379039425,-0.20507257178506166
2018-08-31,0.0,0.0020674925695443047,0.0021131218469996327,0.0017252682911235162,0.0017252280689061816,0.14838942674982292
2018-08-30,0.0037952181037155253,0.0018912245238555947,0.0011752773667339511,-3.448038327646952e-05,-3.44636979251467e-05,-0.07425522521650785
2018-08-29,-0.0026809582547537847,0.0013042456739553732,0.0008977315730807067,0.004064839988901392,0.004064763776310931,0.004180991188887706
2018-08-28,0.00048243726933483444,-0.004524497995629595,-0.0016903686730983525,-0.005351989642953581,-0.005351976158952221,-0.23651104732009987
2018-08-27,-0.004960396346967766,-0.0017905756377746274,-0.0024879095194451084,-0.00048294009975757834,-0.00048279804696949036,0.21576789118834339
2018-08-24,-0.008377702436008883,-0.007692242311671094,-0.007967258056570725,-0.00783349095118191,-0.00783360046176318,0.007271465717229253
2018-08-23,-0.001640835765669424,-0.0025376680467560364,-0.003317312603580591,-0.0059824038822162695,-0.005982210372094343,-0.14407504948910543
2018-08-22,-0.0003147043385155479,-0.0006272809602893004,0.000525501887252533,0.0013296615977922421,0.0013294080694514765,-0.08559310150005384
2018-08-21,0.0012942318228936767,0.0019179382787717358,0.00045522797786246016,0.0005939930540521665,0.0005941153602810889,0.4951559454407657
2018-08-20,-0.002375521397379954,-0.004663941419818074,-0.0022750096968082723,-0.002339816334983813,-0.0023397904332956854,-0.4082604947080509
2018-08-17,-0.00609314688989715,-0.0014337273090402336,-0.00592858700574328,-0.002135383387265044,-0.0021353630028704274,0.6483954028763423
2018-08-16,-0.0015149667748109996,-0.0018209448229510317,-3.532484093815569e-05,-0.0035080334210905173,-0.0035079514396164635,0.06628313661543617
2018-08-15,-0.0035991144022395893,-0.008770698572353797,-0.011292988316610741,-0.0080264698164223,-0.008026560211521705,0.47103743287993494
2018-08-14,0.0019123450330698066,0.005769108614985585,0.008281007163320808,0.007523582253969652,0.007523526479106035,-0.5740410044556543
2018-08-13,0.0019439699375385366,-3.5221872618840244e-05,-0.002513530063548375,-0.006340218520751284,-0.00634020252058054,0.49931344372975683
2018-08-10,-7.051539820590591e-05,-0.0003519355243252198,0.0020938922633098045,0.0037575256201873852,0.0037575524300548224,0.1725635108142194
2018-08-09,0.007338108703272894,0.006723942172244701,0.009066539651501948,0.006745313508329964,0.006745317859204958,-0.5366002387254138
2018-08-08,-0.00049026021955767,-0.00020980172672013797,7.015653196673632e-05,0.0013680288715887112,0.0013679708952822889,0.17911918694179252
2018-08-07,0.0,0.00034978139484764803,0.0010528111107404037,0.00042036013376045567,0.0004203576066179604,0.025691802842719547
2018-08-06,-0.006131959452050251,-0.003566378673250048,-0.007151795230395108,-0.003291449130852442,-0.003291475675624489,-0.08787034164725926
2018-08-03,-0.0039134675690944976,-0.004666781454323976,-0.003072122044966541,-0.0036537694814272603,-0.0036537249853223486,0.36888751272179054
2018-08-02,-0.011113807422623578,-0.0038074349036532062,-0.011227935911745757,-0.00426654081241451,-0.0042665144913388575,0.17596977124485957
2018-08-01,0.007766859527889691,-0.0015924057636821365,0.003474713376204086,-0.005418144830652061,-0.0054181870798541976,-0.15093241930804835
2018-07-31,-0.002663730662478603,-0.000389947889448905,0.0008924427784877675,0.0016734388132935152,0.0016733387984160242,0.27328315999205244
2018-07-30,0.002492831469625978,-0.001170083727646709,-0.0036379912326486297,-0.004905182752523274,-0.004904946192672122,-0.07040928679242531
2018-07-27,0.007814929920253899,0.007561521477073896,0.0036512745374037703,0.005250941014426358,0.005250873760185515,0.20435659097148684
2018-07-26,-0.0017975362735814793,0.001021696824917706,0.009665421755021386,0.006822482095472093,0.006822466532623306,-0.2455323588910585
2018-07-25,-0.00660319534167253,0.0009151737486452483,-0.0063937158697757734,0.0023646996875090753,0.002364564039993189,0.3619402791805868
2018-07-24,0.0016351687386952918,-0.006364936638269536,-0.0023108432960426972,-0.008450494403348774,-0.008450366761603822,-0.13762171522598687
2018-07-23,-0.008304045300626672,-0.007538239719268369,-0.005594579952346801,-0.005006828859424051,-0.005006981245513464,-0.3083971193748355
2018-07-20,0.001145024105420278,0.00017836180597119444,0.0015767290301491599,-0.0018558850026030305,-0.0018556992771642244,0.7500935223050698
2018-07-19,0.0019301891597816034,0.0009269074080291428,-0.00014314490161004834,0.0011441898169668452,0.0011441502038258555,-0.2541436061488237
2018-07-18,0.0008918697220354765,0.001567297199091655,0.002147022898887796,0.0037857071428570865,0.003785734097546234,-0.27386459671628227
2018-07-17,-0.007449376300608712,-0.0009601998958723712,-0.005891573276380568,-0.002099185242291357,-0.002099195497633377,0.17316425039523708
2018-07-16,0.004201580047396236,-0.003951500424313914,0.0015444559959130189,-0.0040289692158556045,-0.004028979229693586,-0.07864781947988642
2018-07-13,-0.0016807394320874636,0.00046463547382291637,-0.0006455028065628365,0.0008949667200539579,0.0008949476626947117,0.0003111968631355211
2018-07-12,-0.003188071635759626,-0.0017861608705859178,-0.003803911522229142,-0.0007868700709876553,-0.0007869057436150628,0.2469864775178363
2018-07-11,-0.0040606763118468114,-0.004974355061448388,-0.003890551068647996,-0.008984536796802445,-0.008984424739871377,0.2815814465602322
2018-07-10,0.0045463107605192565,0.003488710144589291,0.005641537907048022,0.007368377918535174,0.007368132426503804,-0.32558559049610214
2018-07-09,-0.0066808518849057474,-0.0037633739377308517,-0.005681771698299198,-0.0035855145984693415,-0.00358531769384296,-0.027255863358913723
2018-07-06,-0.012330403717102922,-0.007626978948923724,-0.013707084990958407,-0.00892400523045711,-0.008924058646695876,0.3153941412926504
2018-07-05,-0.003551299504761407,-0.00964328247742563,-0.006417073293071951,-0.008387291739761826,-0.008387329643810615,-0.14389032344417596
2018-07-03,0.002571855702560466,-0.0007320521455611573,-0.0019928329566559766,-0.008091945082125074,-0.008091832780590447,-0.25891202422798765
2018-07-02,-0.012313501160140405,-0.003443482900291839,-0.004363667418357808,0.0035437099345230205,0.0035438152200515383,0.5064984319851329
2018-06-29,0.009684185756217323,0.005954988040012932,0.0070940576100897434,-0.002133399661594093,-0.002133548333468238,0.5355645836349103
2018-06-28,-0.010399772350429548,-0.006979478082591917,-0.009810083196977737,-0.0014375700436360939,-0.0014377395159370643,-0.2145861618464534
2018-06-27,0.011029005535812653,0.007801269549218004,0.002569939385822284,-0.0056849972857064834,-0.005684904392179946,0.37129829551014026
2018-06-26,-0.002277216547520222,-0.004783280475833096,0.005981187465146975,0.008353443288952489,0.008353597047878303,-0.3478551660297191
2018-06-25,0.0066263690936696484,0.003889040973650282,-0.006241009431038447,-0.0022091531176181567,-0.0022092626357319567,1.0110784654122549
2018-06-22,0.00811879016882111,0.007930758130450188,0.02002966882133772,0.013800701107010926,0.013800746271531494,-0.6017640376571769
2018-06-21,0.0010882500023470243,0.0006889372123701776,-0.0029509163521771464,-0.0018199025194693963,-0.0018199756342943685,0.2944142371831653
2018-06-20,0.0011233439995292915,0.0026813173799025147,0.006978964662571974,0.006308383398059503,0.006308390676251774,-0.24311229443833082
2018-06-19,-0.008216560214218571,-0.0035053519676735423,-0.007474861315357573,-0.0017030872859256085,-0.0017031042332301682,0.8133418858242463
2018-06-18,0.005437919708029204,0.003445193109700817,0.005191434230948699,0.003847542649727753,0.003847685616166663,-0.4574306762430599
2018-06-15,0.0040292425869994375,0.002927350794621697,0.0014547880798054802,0.0020610609058508977,0.0020610015121318437,1.2684626664852527
2018-06-14,0.008712957150116774,0.006558239106401853,0.009841989979836763,0.005773485263712352,0.0012774222171956229,-0.3577426492149388
2018-06-13,0.0006451094711619199,0.000537085193076603,-0.0009350859593979521,-0.0025114339051203194,-0.0025115888607448733,0.025590939276968427
2018-06-12,-0.0005730971698619802,-0.0005367968874167017,0.0014039381455985822,0.003201143772977977,0.0032011875146180646,-0.08526051402164647
2018-06-11,-0.002114457234399514,0.00014322844614600427,0.00043134548020185015,-0.001290746390435471,-0.0012905746220486236,-0.18576919354615717
2018-06-08,-0.0057103720319611195,-0.0040090024700040194,-0.005928619208282915,-0.0013282452708806014,-0.0013283210521817246,0.2249386594218279
2018-06-07,0.0039732923104940365,0.00010781311769991753,-0.0011566832768499236,-0.0029476508648933475,-0.002947713141028818,0.011501295403224532
2018-06-06,-0.007771192325042975,-0.0027310981843148285,-0.004523413252130126,0.0001081551737418529,0.00010824411560217406,-0.1402944247862803
2018-06-05,-0.00268327704358573,-0.007170618618033919,-0.0033080192418192267,-0.008291233056046843,-0.008291384606725405,-0.1848683770057482
2018-06-04,-0.0018905254415061412,-0.001233974526309356,0.0002918411337182736,-0.0007270519652406993,-0.0007268525436541218,-0.11244353182751543
2018-06-01,-0.007722270818206756,-0.004542316184873552,-0.007037201668591786,-0.004728948811835831,-0.0047289607460336835,0.5700801142222576
2018-05-31,-0.0009544803648254829,-0.005293173649024152,-0.0076009881350304065,-0.009722236628898373,-0.009722440460594006,0.3124052743255532
2018-05-30,-0.00606281108350859,0.0022752945897206445,0.0005920335753704098,0.0061636634962451975,0.006163640809829785,-0.2549350459100149
2018-05-29,-0.0007024103512014435,-0.007103262811866795,-0.009836561171971958,-0.013168982053243572,-0.01316901102068313,0.6634796436198305
2018-05-25,0.006806984623632051,0.006232149275296139,0.014266420889362808,0.01163484175148044,0.011635095341977708,-0.5136271165383759
2018-05-24,0.0027926144286449794,0.0013194166231444981,-0.002945680971698339,0.0023883667621906746,0.0023883709444223467,0.34889702491183994
2018-05-23,-0.006375695190712127,0.0006222604471772808,0.0007755041021324516,0.0020527750169843095,0.002052628637927656,-0.14925082649736077
2018-05-22,0.010288667132231977,0.0031456342690496797,0.004612716506613435,-0.002743634917890425,-0.0027437141129861287,-0.1812805475606778
2018-05-21,-0.0034675902730628705,-0.0009844630811304267,0.001212228225544676,0.002787902284650423,0.0027880119292194028,0.09552282201546647
2018-05-18,-0.005091443350373925,-0.0071173513457518656,-0.00601685423150744,-0.007462442979523032,-0.007462278348583928,0.10929774462783004
2018-05-17,0.0011781422792529472,0.004411322296846931,0.000738242369496378,0.0025062581822186125,0.0025061288017085293,-0.12166915237385034
2018-05-16,-0.0029417775763640464,-0.0017201660911252414,-7.383911640468366e-05,0.0008454835908426883,0.0008453692011489711,-0.045878407539213684
2018-05-15,0.0016595890503288135,-0.004216252228470108,-0.003983571464547753,-0.004187423015993952,-0.004187410376895628,0.613494714752348
2018-05-14,0.006443536307574549,0.009093929297186998,0.008628619074282806,0.00693472872885148,0.006934765286668698,-0.37048420138310423
2018-05-11,-0.004316938674426396,-0.003393144498361478,-0.0028638494748043364,-0.0004762436616649879,-0.000476405064041896,0.09273306005044657
2018-05-10,-0.0066872720945434505,-0.0027822771982194405,-0.0050076812176886865,-0.0030420266877325686,-0.0030418870759796324,0.20364280166690318
2018-05-09,-0.009839472661677284,-0.009251513863311023,-0.011583172927306706,-0.009263984640481726,-0.009263885756030876,-0.1720389820700795
2018-05-08,-0.004408222619760815,-0.009411968900062462,-0.007263476839469485,-0.009573235621521348,-0.009573195752970443,0.13128225240127978
2018-05-07,0.0014634709193246387,0.0025810871714888606,0.0036205582565467243,0.0,0.0,-0.18065843743333254
2018-05-04,-0.02012074524406615,-0.004589135327514704,-0.018638875951986544,-0.0033718865434041456,-0.0033718465148534493,0.6494397422289888
2018-05-03,0.0028296919207961846,-0.012856643368530318,-0.008041378702846158,-0.01278097188403382,-0.012781173565071136,0.4942815392322695
2018-05-02,0.009532524611739257,0.00880926538631166,0.01432164513360279,0.0022085789773926834,0.002208728667949744,-0.3663858148432084
2018-05-01,-0.003361591503188155,-0.0021830285128019433,-0.0024738353450360906,0.006762913825399064,0.006762935500697509,-0.14085509946288532
2018-04-30,0.012847292470672844,0.010524364152598276,0.008851276688295773,-0.0017737224714658995,-0.001773762576943616,0.10752741788112141
2018-04-27,-0.000972872821489501,-0.002053152298341576,0.004046466090554146,0.007750133917427071,0.007750107677723106,-0.3057677869808949
2018-04-26,-0.008277119850187309,-0.00033663500167024907,-0.004557404896421868,-0.000937875157096868,-0.0009378236726105271,0.1871625979780418
2018-04-25,-0.007099984652366498,-0.011674443405051527,-0.01301601605378877,-0.010063433668006772,-0.010063585565378674,0.5331165964634095
2018-04-24,0.01833329628643554,0.014576178121073369,0.001648430094343345,-0.0024655539493693146,-0.0024653245063473994,0.08710055479103129
2018-04-23,-0.0017555036069526464,-0.00033583101838141616,0.015577185454597187,0.013651212448994698,0.013651117508260091,-0.419252251174863
2018-04-20,0.005799550782026763,0.004367400554290857,0.0009797587869659896,0.00014997186086285197,0.0001499758876188917,0.5246514536746087
2018-04-19,0.0031248688897351773,0.003047673404056095,0.007944038700201661,0.008551930266227581,0.008552029621888835,-0.22307662293615704
2018-04-18,0.0038568812280410647,0.005261534658708822,0.008030755983749138,0.005578489033889911,0.005578296854864551,-0.26207924961271456
2018-04-17,-0.005024252798224826,-0.001584935565865031,-0.00415012791622138,-0.0007397203628248805,-0.0007397497042201939,0.12875388935133558
2018-04-16,-0.008651049316688253,-0.009857064456327058,-0.009972066976744243,-0.010585199225839559,-0.010585207965861043,-0.01973810333632231
2018-04-13,0.0015355955056179926,-0.002460861187433605,-0.007742311969796578,-0.008154689357763756,-0.008154478827046119,0.3418310456696838
2018-04-12,-0.008040065696270582,-0.0020184233454219047,0.003977076475244257,0.0029417273907237362,0.002941660918899247,-0.19027799979313398
2018-04-11,-0.006748129882073295,-0.005093576779026221,-0.006300396184263146,-0.008159978404541968,-0.008159966995475387,0.3229719627524841
2018-04-10,0.0030363532734796195,0.0015057746476938583,-0.00155664215289264,0.005269881510847618,0.005269936573429224,0.13593123561282505
2018-04-09,-0.01097360321152463,-0.0045106486220274356,-0.011559848174164111,-0.015651495734146592,-0.015651658637128252,0.018486607617189454
2018-04-06,0.007843356311806104,0.001019441942598398,-0.007463268389141575,-0.004904210727969427,-0.004904283076489269,0.702544220616087
2018-04-05,0.008085851092870522,0.005771302804758571,0.02449615116279058,0.02279383173111893,0.022793937464298475,-0.5395942094861219
2018-04-04,-0.033138724901768724,-0.008550967115719676,-0.029207024801569337,-0.007830209616574546,-0.007830163736544882,0.496810747635283
2018-04-03,0.00825703992210336,-0.01153724910371734,0.0009352688791439689,-0.010585859087766436,-0.010585762028249457,-0.030379427605154774
2018-04-02,0.014215602700498264,0.006964934422447833,-0.008448832089220204,-0.01265478444300594,-0.012654974709719102,0.552943598909275
2018-03-29,-0.005446555190853686,0.00809487690314925,0.020300773709512443,0.022060795346794615,0.022060986249333725,-0.4009135400724584
2018-03-28,-0.0014169539180636237,-0.009877082489742839,-0.004849172642382493,-0.012616405379815343,-0.012616659964130306,0.31227778096371384
2018-03-27,0.020786243528283732,0.01572484680219044,0.0010055263866959319,0.0029635493920106004,0.0029636997506248264,-0.11273909662053783
2018-03-26,-0.015178298841650562,-0.005023038779673139,0.002202163532717849,0.017306135441915504,0.017306234009065724,0.09246244845753537
2018-03-23,0.0077824284175327385,-0.003352989577180221,-0.006090809820888832,-0.026630445473413644,-0.026630533748064456,0.29289829743138895
2018-03-22,0.014157515296787437,0.016367981600847514,0.021448234413477874,0.021778822946505905,0.021778704102708657,-0.18933139655258835
2018-03-21,0.011160426842440563,0.01636476394474573,0.025934148652081657,0.025638031124912253,0.025638193705701307,-0.47098750620858565
2018-03-20,0.00014768549607269144,-0.005854927596897652,-3.704430188344876e-05,0.0019229338958715037,0.0019228964748931876,-0.24078765487310316
2018-03-19,0.008894972991105199,0.010048886035868954,-0.0057739212392384776,-0.00169781132912461,-0.0016979376991482775,0.8275323684303006
2018-03-16,0.004207038502863636,0.003607948329619859,0.020549549932051825,0.013715930855703995,0.013716091708136258,-0.08117232740338653
2018-03-15,0.005027340619307763,0.004429971798360244,0.0010577733425747304,0.002917534518561471,-0.0010833767968848607,-0.1685277700543233
2018-03-14,0.006995769773166405,0.005097444331230605,0.0008746128561827327,0.0010908654545453977,0.0010908599954735365,0.2692232090419857
2018-03-13,0.00730714522376541,0.00859655814172422,0.004951345016319886,0.005158056890289364,0.005158246944994449,-0.1315093899528873
2018-03-12,-0.002286964012106263,-0.0017831032875702535,0.007426685532103905,0.006504726776146663,0.006504707699335643,-0.21794432683222265
2018-03-09,-0.012535816080122553,-0.003715512075802785,-0.00985324772760443,0.0012566638439728273,0.0012566275831396023,0.5797791582319312
2018-03-08,-0.0077984182314798645,-0.01660273633956222,-0.010605008507372782,-0.01710470500779404,-0.01710482610073083,-0.4112121156115759
2018-03-07,-0.011442058626593643,-0.003865216739542432,-0.008149184692976208,-0.0048157861039958005,-0.004815594322190919,0.301374265334553
2018-03-06,0.010650006883921037,0.000768804470977491,0.003626872525823499,0.00036661778857172145,0.00036654387000067956,-0.0901675214067893
2018-03-05,-0.020380450949745388,-0.001828889032395753,-0.013164717501854994,-0.002528594940475748,-0.0025285637368285263,0.22842405053703163
2018-03-02,-0.007208840700342778,-0.01161645287754498,-0.010425537746657776,-0.01142589726715959,-0.011425977299434065,0.4293178113894729
2018-03-01,0.02110615595663612,0.01279108700581677,0.0044558302575681275,-0.005128493632638675,-0.005128664839625929,0.2715777318899766
2018-02-28,0.015732614631257302,0.011055345961417773,0.019887251879699308,0.01475525522202803,0.01475553340463076,-0.31069106856403916
2018-02-27,0.008814538819289508,0.009884539556938687,0.011316214744937492,0.010233753217016472,0.010233644195984493,-0.18709713406361206
2018-02-26,-0.007838596661676744,-0.0032625948572573282,0.0032804528692478296,0.012644394157018901,0.012644489750643917,-0.12722403409916527
2018-02-23,-0.015003747707847181,-0.011870144531846205,-0.014568080557724405,-0.011478960305411179,-0.011479061103404464,0.07255056572098506
2018-02-22,-0.0025387357045931758,-0.006042747094698875,-0.0059354285714285915,-0.015689261916942865,-0.015689098119138545,0.19128585349868055
2018-02-21,0.0029508962829014607,0.006116143832242127,0.0011125462962164878,-0.0012944009162959569,-0.0012944781167395503,-0.10521638963617297
2018-02-20,0.00047813535442764454,-0.00382202968905776,0.002074527657445868,0.004999096685758708,0.004998856390364459,-0.12655270787804263
2018-02-16,0.0010660883030033652,0.006029136995729267,0.006543397412199559,0.006300630205614555,0.006300754216031823,0.8573654881283599
2018-02-15,-0.0027541127376660146,-0.008281265226032009,-0.012854887212707111,-0.0002928710204423979,-0.0002929012706360812,-0.3068181605671608
2018-02-14,-0.02673347134391013,-0.011133932390106183,-0.01663132486119956,-0.012599359090940232,-0.012599152390397106,0.08574976866069606
2018-02-13,-0.0012863569390970664,-0.01251853703703698,-0.0037457058075991423,-0.013316503035223803,-0.013316644424672175,-0.3272611166374154
2018-02-12,-0.0005304163331800726,0.001462812269575009,-0.006266355294264225,-0.0024812180451128096,-0.002481115251795063,0.769633456286104
2018-02-09,-0.011484664933103406,-0.012733698635493229,-0.03340214731480329,-0.014471983334167215,-0.01447216544163954,0.9728203094562253
2018-02-08,0.0276457911493464,0.01729838875412848,0.018464328787476836,-0.014799216061185505,-0.014799112208545462,-0.13088978094287274
2018-02-07,0.0018282526089230533,0.015624312178408983,0.038782527097830366,0.03897064707195108,0.038970743973189004,-0.32085031619053805
2018-02-06,-0.031880811918063356,-0.009766386938228067,-0.03318624497877709,0.005454447375843996,0.005454414249108641,1.1211319895731826
2018-02-05,0.05197357042414752,0.022803091310207302,0.01781981363031404,-0.019321561711411417,-0.019321618445253486,-0.16997308372213027
2018-02-02,0.024245656277389394,0.015878212451443607,0.045953462048182514,0.04364801009940544,0.043648026367260284,-0.4123328960254756
2018-02-01,0.0035347759424166902,0.01009880058849233,0.019135067439307818,0.022254400918305217,0.022254336372403483,-0.47970201207104035
2018-01-31,0.005906016147784854,0.0008478414530335154,0.0,0.0011364692619293404,0.0011365903677442724,0.20268361033267657
2018-01-30,-0.00045982030538660457,0.005082958210361754,0.001923927652370816,-0.0004965732634956144,-0.000496622735955965,0.21622888613276636
2018-01-29,0.011783393238852247,0.005935249909926776,0.011663462727887763,0.01036336916654701,0.010363200458813449,-0.3162309440925549
2018-01-26,-0.005875539611544078,0.0006982927936598493,-0.001898098418277705,0.006674139548682678,0.006674273112263762,0.19557403990088584
2018-01-25,-0.0003166086191732642,-0.00823366695332528,-0.005493721120733541,-0.011445317708106528,-0.0114453937565695,-0.21491677889349758
2018-01-24,-0.0004927329604064168,0.0015127273952229014,-0.0019829957928398922,-0.0004235616134228293,-0.00042338294913180086,0.5938101819067401
2018-01-23,-0.0045067215321947796,-0.0037935263592472346,0.00188049605280316,0.0003885020224574376,0.0003883751837012728,-0.279873101209722
2018-01-22,-0.009089541949831692,-0.0032790107058566775,-0.008003718667063175,-0.0021179956261712096,-0.002117988532993609,-0.059353327558307356
2018-01-19,-0.0013207159325790974,-0.00806536483027076,-0.003462818364007969,-0.00806536483027076,-0.008065416272018844,0.5431055250409538
2018-01-18,-0.0011435919003685013,-0.0016048393194988408,-0.0020062619828976613,-0.0045290431221562955,-0.004529000289203888,-0.2852119747289421
2018-01-17,-0.005188249402208411,0.00032146379087416577,-0.005779259369410705,0.001683635361271918,0.0016836363610923666,0.12440235088555318
2018-01-16,0.0047477142925140825,0.00014286020965648127,-0.0028523233460217012,-0.009441665683004974,-0.009441621859133886,-0.05918921973391911
2018-01-12,-0.01048860904624438,-0.007069195716650989,-0.00036210443382844737,0.0034300176790627024,0.0034300894649788027,-0.14770761793663556
2018-01-11,-0.006041577749292593,-0.007155406520193752,-0.005505610951800022,-0.0064767484017064225,-0.006476852007562983,-0.3133210961492511
2018-01-10,-0.003894474977251927,-0.0061566783673164815,-0.0059731388838371036,-0.007243227713371492,-0.007243059626497628,0.1156611050086993
2018-01-09,0.002630813425956058,0.0030245133761437337,0.004250234298501354,0.0015322267899500197,0.0015319269806879365,-0.1770811923368255
2018-01-08,-0.003972288716595163,-0.0041779981834695334,-0.004013339361403356,-0.0022583083691820605,-0.0022581940896289066,0.0011387850630524277
2018-01-05,-0.002927035256134247,-0.001970113054284295,-0.003773166380303117,-0.001825350380660229,-0.0018254240369685037,0.4571731636170777
2018-01-04,-0.004807155524305329,-0.005117685371528569,-0.005184787416005032,-0.0066199543337743805,-0.006619889936811285,-0.03457209903740244
2018-01-03,-0.008259664088805518,-0.005584909529910198,-0.005840237848147578,-0.004197135830628751,-0.004197099989589281,0.11699431026186691
2018-01-02,-0.004164169532560713,-0.006761812365403519,-0.00580010801680908,-0.006285399466538055,-0.006285233425812886,-0.037911455927807536
2017-12-29,0.00257617611374239,-0.0009672631298484058,-0.002842105523756966,-0.007106463065710833,-0.007106428484936256,0.10791788653256518
2017-12-28,-0.0023832867924750145,-0.0023458388685535514,0.003037792358359992,0.0037847937374351215,0.003784648868901286,-0.5300768482429479
2017-12-27,-0.0019038036934673208,-0.0007091743460014843,-0.001645174725211751,-0.002053190018538764,-0.0020531022664260767,0.2800530187671364
2017-12-26,-0.0012342620758047929,-0.0010832143879454526,-0.00044940262726489433,-0.0004863272355069004,-0.00048643830265171495,-0.21656075219476723
2017-12-22,0.0020596069077525314,0.0007478798927020858,3.7389933827292055e-05,0.0011976795449106792,0.0011978033479012051,0.7399037228916727
2017-12-21,0.0005231091063577775,0.002802271551210378,0.0014986662007943075,0.0002615864729698103,0.0002615488617077055,-0.14848153412880183
2017-12-20,0.0019795287211299417,-0.00022365958733594482,-0.002282027786697838,-0.0020554153027894095,-0.0020553311876756464,0.1449927870593728
2017-12-19,0.0007828754933896231,0.0007453956310892185,0.0014998462522040068,0.0005243380913166895,0.0005241618317886054,0.0733718559246399
2017-12-18,-0.0014153940123310393,0.0002607045777405226,0.003332266327189526,0.003855219335562321,0.003855320885047142,0.015424317425096756
2017-12-15,-0.009884348902252538,-0.005807881478602783,-0.00966488504248919,-0.006301274885848973,-0.006301277083801349,0.7286799372651027
2017-12-14,0.00617812742837609,0.0006740263403750557,0.000791254335623659,-0.003189396150636181,-0.008258824669286957,-0.3038760032999033
2017-12-13,-0.00011231420288759786,0.0012723486218384483,0.003953267982983455,0.004102973664037002,0.004103078411957117,0.02223873435803503
2017-12-12,0.0005616453273544764,-0.0008969614359169986,-0.0011250253393967347,0.00011246110590446001,0.00011239458214529208,-0.17209592499518978
2017-12-11,-0.0033681113368249083,-0.003516392246690314,-0.0032663599789820585,-0.0017617550107270619,-0.0017616172506257355,-0.024863901741635108
2017-12-08,-0.0043182531960365145,-0.0032285306098706057,-0.005461850007230762,-0.003003972836198132,-0.003004107327724048,-0.07840389997291686
2017-12-07,-0.004110714223703349,-0.004105137259552971,-0.00412830740494774,-0.00542353563242326,-0.005423409605648799,0.00855102731182722
2017-12-06,-0.0029159653864060386,-0.0026471354178042583,-0.0008747660996822892,-0.003143170288172903,-0.0031431801899270972,-0.017094327014475774
2017-12-05,-0.0004177212495732885,0.005384229859225265,0.0012562065064360972,-0.00018989515992606787,-0.00018998116942869903,0.027614475102307523
2017-12-04,0.01185453845621387,0.0062228702143587444,0.003953687516791593,0.003609609000269076,0.003609645492336888,0.20573373763534608
2017-12-01,-0.005820239614135692,-0.005584670416102,-0.012571861418638974,0.001211387831563382,0.0012114660891833218,0.748084338041229
2017-11-30,-0.003777005447310522,0.0027891523334147017,0.011159698145432495,0.0020797815122062246,0.0020796613632962924,-0.22201046408286595
2017-11-29,-0.0028056603425212767,-0.009095971092470068,-0.005575154274369387,-0.008678989144598748,-0.008678982310914019,-0.3939367165411465
2017-11-28,-0.008592422988809356,-0.0027690740285802873,-0.005911586304580441,0.0006090518270391865,0.0006090302864014685,0.2768548394379715
2017-11-27,-0.0013422533616255228,-0.008177991818440256,-0.0024937426240646543,-0.010042926352245019,-0.01004291491025544,-0.4718197222034177
2017-11-24,-0.00034559732198324866,-0.0010354324065197096,0.0006154000000000437,0.0004994581505051165,0.0004995040018005437,-0.46711519295111037
2017-11-22,-0.0012292831568646578,-0.0012669571025163417,-0.0022678236121185247,-0.0023044055713860034,-0.0023043100913027192,0.61662089637966
2017-11-21,-0.0031538730769229417,0.0001922660048188085,-0.005046796489087235,0.0008853556788819272,0.0008852164853063726,0.536122078279677
2017-11-20,-0.004012570522756387,-0.006456659963566813,-0.0015489235054240158,-0.006500257952238853,-0.006500273782920063,-0.30503434677521946
2017-11-17,0.00030985509937297984,0.00027079917599714953,-0.0003490111115921346,-0.0017034572994250041,-0.0017035044522409892,0.5757880833272664
2017-11-16,-0.0027109131643135997,0.0017402568040567612,-0.0011637817154891428,0.002947374715778439,0.002947506951634704,-0.10533443862465153
2017-11-15,-0.003494851034651081,-0.007025972578622142,-0.007146448102122727,-0.008429328907844202,-0.00842935037820658,0.1923145019696948
2017-11-14,0.0030785169331797313,0.0024492846495247633,0.0034815318334795453,0.005030451528385216,0.005030419759067151,-0.24125650433416035
2017-11-13,-0.0003885085989121517,0.002869846743381421,0.002923748760959022,0.002327924472870224,0.0023280095549129687,-0.18081324043630287
2017-11-10,0.001632322891705007,-0.0011600874149825247,0.0003887200383874134,-0.0009290094533238591,-0.0009291873343412194,0.1942339623242535
2017-11-09,0.0,0.0003871849336611888,-0.003924350233600604,0.0003100352638232273,0.00031005875431722174,0.5851625497835282
2017-11-08,0.0028711828984477883,0.003212144246363291,0.006982404059666214,0.003640903097448467,0.0036408553625555395,-0.4692187557514027
2017-11-07,0.001934460471488153,0.0005015238002412659,-0.000232415267846231,-0.0016980125254533185,-0.0016979348339787315,0.13934328784060113
2017-11-06,-0.002587222448209303,-0.0013495507688555675,0.0005037196404931166,0.0006958402248196105,0.0006959142921689754,-0.13650955963424005
2017-11-03,-0.002051873885491551,-0.0019305019305019266,-0.0035629037117074214,-0.001545273288500515,-0.0015453084636523062,0.20013252075420018
2017-11-02,-0.0013965357309302373,-0.0029013539651837617,-0.004313976104810324,-0.00332759125582871,-0.0033275329954656208,-0.05269702649954611
2017-11-01,0.0024474767499711447,0.0026381881668284812,0.0034349701125337972,-0.00038823712703506263,-0.00038835693577998764,-0.03980194687286864
2017-10-31,-0.0033328785072239686,-0.003830789872752982,-0.0010114326561634357,-0.0013204241454201071,-0.0013204805079698456,0.1125792626566573
2017-10-30,-0.002760681310074009,0.0006215195725487455,-0.0015575483942023016,-0.001555489050487746,-0.001555278349779643,-0.09981129197012506
2017-10-27,0.0,0.0011258113091814348,-0.0030419990945440567,0.003739010710808177,0.003738941904745108,0.5761517305662449
2017-10-26,-0.0018715483219419182,-0.006165523702032494,-0.0005868207842032458,-0.008109875724608528,-0.008109922754285792,-0.18424543462381304
2017-10-25,0.0007421696015048607,3.905579582008656e-05,-0.0057930014998121004,-0.0012909866460173447,-0.001291025380474986,0.4859351270810053
2017-10-24,0.0016395230364456559,0.0020287503572140597,0.00846454330708668,0.004974754337511378,0.004974810563622034,-0.35461884601404037
2017-10-23,0.003429481603363538,0.0026477554585555563,-0.000507534659555664,-0.001754026362285832,-0.0017540293507000149,-0.04512675559751944
2017-10-20,-0.003029357490589746,-0.0014368179318544616,-0.0009764276647945547,0.0039045724827948547,0.0039045766074186083,0.3952277467210512
2017-10-19,-0.007284806827356105,-0.00509455130894354,-0.005551855095564662,-0.00513395852751497,-0.0051339202407946205,-0.30582755078697954
2017-10-18,0.004198846256729061,0.00046904193824781615,0.004521305181333535,-0.0002736307201823829,-0.00027363174252936773,-0.33948642894297276
2017-10-17,-0.0026182024842095197,-0.0016799882986520132,-0.002035240704501007,-0.000977631780941568,-0.0009776490172290764,-0.2281166005923455
2017-10-16,-7.831759712129127e-05,-3.9171101453017165e-05,-0.0006274570652986533,-0.0007046150205320956,-0.0007046922372964115,0.21104210893190967
2017-10-13,-0.0002743152622537437,-0.0009392626695485795,-0.0007064123501101527,-0.001331803084032357,-0.0013316728095341679,0.4337509843884495
2017-10-12,-0.0018813004698647884,-0.0008226818533680902,-0.0010603361650185494,-0.0012159168607481785,-0.0012160392967355271,-0.14115407916730538
2017-10-11,-0.0005890559869777823,-0.0001568023222520143,-0.00019651688871580308,0.001492322500362464,0.0014923873790264608,0.012943773624192856
2017-10-10,0.0003536639101342498,0.00011763390922059358,-0.0013369416115185384,-0.0015685396977720423,-0.0015685206923475858,-0.09684253360825434
2017-10-09,0.00011782796265902284,-0.001372303453766044,-0.0012993228017847969,-0.002631364437816419,-0.0026313948739656867,-0.16847975028682638
2017-10-06,-0.0018851313300645156,0.0,0.000788535402054924,0.001653861015796787,0.0016538128831680154,1.2524865165306913
2017-10-05,-0.002400161378717125,-7.85394591111821e-05,-0.0025606026576181495,0.0011401069532590569,0.0011401975858287283,-0.2123254718150931
2017-10-04,-0.0033524927958802353,-0.004868819829125792,-0.0025276422100432017,-0.005890206457390912,-0.005890245004630423,-0.11915721599173845
2017-10-03,-0.0014642249280603092,-0.0021701507088844885,-0.0013066281383167233,-0.001185033161873572,-0.0011850192676592375,0.19402862371679386
2017-10-02,-0.003289481519394566,-0.0022539127773101297,-0.00372676927767146,-0.0021355453526238355,-0.002135585902809378,-0.1165570526656109
2017-09-29,-0.004572782127067021,-0.00396322119632786,-0.0046161328835725435,-0.004319954699430473,-0.004320001174806132,0.44990935736916127
2017-09-28,-0.0024366861458285927,-0.003501531813979275,-0.001998960500560476,-0.0035027266409700664,-0.003502635273683552,-0.47674869709504775
2017-09-27,0.0006006847491399903,0.00019966059575415862,-0.003044545866992099,-0.0011983343032155869,-0.0011983824535254373,0.8089229724780476
2017-09-26,-0.0018409116007500614,-0.0031538503901580306,-0.00024107767591674545,-0.0038792281078275925,-0.003879178770964997,-0.332332527585943
2017-09-25,-0.001082527472396233,-0.0006006968434206783,-0.002933949623680321,-0.0006022522835854582,-0.0006022776397145435,0.05514588957508959
2017-09-22,-0.00040132852662244645,0.00032058504924159514,0.003789108321597068,0.0020488049425204657,0.0020487986403197045,-0.1025227637546351
2017-09-21,0.003332672114041424,0.0014020389896640673,0.000682668047824686,-0.00020046103110593627,-0.00020042923213592356,-0.05862850001952591
2017-09-20,0.0007603729638150369,0.0008400912207391364,-0.0010835266175727165,0.0026865511956635224,0.002686515817382995,0.2356849209937899
2017-09-19,-0.00027994960627153453,-0.0004796154883919268,0.002731833542759521,-0.00035990162648902313,-0.00035987147869609437,-0.20925200716418713
2017-09-18,-0.001559996000000119,0.00019989602351655478,-0.0012820792961037997,-0.001000120010400729,-0.0010000753412274799,-0.018529722064782872
2017-09-15,-0.0036857457486247913,-0.0033184152270593348,-0.0028481707431331493,-0.00212237304932561,-0.002122399605010483,1.0640637436412086
2017-09-14,0.004463392139101741,0.0041317904004272155,0.004143697835596205,0.0036116778072019518,-0.0013444922545313709,0.00014565283907774784
2017-09-13,-0.0003202642075228468,-0.0004394375076858248,-4.010416570265907e-05,0.00031989284369449145,0.00031997090194857414,-0.37946258786354214
2017-09-12,-0.00036038763270707097,-0.00047964108805609307,-0.0006811090297064171,-0.00047965383922665694,-0.0004797089657142539,-0.03937326939960828
2017-09-11,-0.00636947469515925,-0.0031588348699882474,-0.005612998200729691,-0.0033593120972686963,-0.0033593907330706774,0.2543025871766029
2017-09-08,-0.006047411878454589,-0.008784604787991035,-0.006934928522942974,-0.010553368348486858,-0.010553249660439357,-0.1055422281012488
2017-09-07,0.0028798856987068966,0.0006474970634637867,0.0004059723864477949,0.0011760604982069545,0.0011761136903973846,-0.09083261270068055
2017-09-06,-0.001658256825075921,4.042140105298131e-05,-0.000689926964852039,0.00012151740028176761,0.00012133376948297858,-0.0020298200903942076
2017-09-05,0.0017015030254661223,0.0009705799133392645,-0.005198387770757096,-0.0034021710020778473,-0.003401988871550521,0.5781024191557214
2017-09-01,0.0026692672221397817,0.00327245469824744,0.011104311219893415,0.00723399989623652,0.007233969347973712,-0.321577526181963
2017-08-31,-0.004840258993548452,-0.0022550557543989935,-0.006540941628303432,-0.0014121651293119708,-0.001412180663973972,0.6740674439982584
2017-08-30,-0.00766050175234867,-0.005852189436135413,-0.005811859307313094,-0.005980079882417666,-0.005980102304410484,-0.402423223019559
2017-08-29,-0.007229522466776772,-0.0047499714466960885,-0.006908682996253024,-0.004715210859623897,-0.00471522358377352,-0.1756401658530924
2017-08-28,0.008680984190578167,0.00020396900356445258,0.004775050563641026,-0.0011435531678117838,-0.00114344926879828,-0.20670686037347685
2017-08-25,-0.0011012929893648993,0.0016721207382395242,0.001229067167505038,-4.092488740847777e-05,-4.0957223657711594e-05,0.588683515096535
2017-08-24,0.00040835444038433977,-0.0017507756127567164,-0.002618761007483039,-0.00233068778484391,-0.0023306929166424517,-0.21264657643077367
2017-08-23,-0.0027346857142857006,-0.00053018192230736,0.0016820676923077205,0.0023361325805131283,0.0023361377363169122,-0.010600748496798484
2017-08-22,-0.0031105267211516407,0.0023260232320831964,-0.0024983657847582608,0.003598315371265093,0.0035983747501169283,0.2576757137905896
2017-08-21,-0.0038182369473757083,-0.009852609922901379,-0.007062208905002421,-0.010348793918279031,-0.010348953012886963,0.03689572870489588
2017-08-18,0.0010715257215276885,0.004070744293635631,0.001529979725179098,-0.0007821614026058965,-0.000782145533498535,1.088721958402131
2017-08-17,0.013750560240853638,0.009869380319674326,0.0036746449670681525,0.0015656091180451526,0.0015657090265817075,-0.060385526662181555
2017-08-16,0.003533122085503493,0.003933499498779192,0.013822045560443641,0.015837780506607224,0.015837702552981447,-0.558601265152883
2017-08-15,-0.0005261017339398544,-0.0023024073348270058,-0.00117668088265388,-0.0017413420122996959,-0.0017412532194194252,-0.025968209748657767
2017-08-14,-0.005627986162895615,-0.000850230769230742,-0.002478067070554757,0.000121690806086594,0.00012158293444675117,0.326725522105183
2017-08-11,-0.006392735964701024,-0.008063495508102037,-0.007330494718014613,-0.009815843549569658,-0.00981575427265402,0.021530346463934036
2017-08-10,0.009302470956438436,0.006699342238161821,-0.0002051405128203898,-0.0014746846115574197,-0.0014747968647099707,0.6091847324492219
2017-08-09,0.0007308782537500669,0.0035302548001117096,0.009684041973952118,0.014317382144678703,0.014317463234688965,-0.48013894479973773
2017-08-08,0.004219556115472534,0.0064696373496393456,0.0031293343341407542,4.04246713854306e-05,4.038243086412763e-05,-0.01458026650657962
2017-08-07,-8.076441519089261e-05,-0.004178253116736919,0.002187712172850187,0.0024670387945286976,0.0024669684780096457,-0.4816054595475653
2017-08-04,0.00012121297585343527,-0.00032275790379554525,-0.001616986732768666,-0.0018557752421788365,-0.0018557582344361778,0.8812877012033131
2017-08-03,-0.0008484405163471376,-0.0018160418608996753,-0.0013362027722547687,-0.0018188310606874758,-0.0018187888828723464,-0.3212364474895252
2017-08-02,0.0006469734393834692,0.0010512250513661225,-0.0010947291643477186,0.0019436142954110114,0.001943717859387517,0.15555120422948887
2017-08-01,-4.038469293088376e-05,-0.0004039014441704625,0.0014206518939123836,-0.0004849458415377983,-0.0004850690339116559,0.16604534517233205
2017-07-31,-0.0003637436250455428,-8.082424242428221e-05,-0.0007701118645826455,-0.0022238516271754216,-0.002223747264608167,0.19597132809207563
2017-07-28,-0.002910623820807423,-0.0016970987828850426,-0.0016224962545027255,0.0005673298931421211,0.0005672403282241945,-0.23922556186558974
2017-07-27,0.005311222509091218,0.003804751912934057,-0.0018283508343485133,0.0011744886610589589,0.0011745418280677544,0.41283410929476694
2017-07-26,-0.0008469389985135134,-0.000846802419354753,0.005902035335860534,0.0009304045420357454,0.0009304276672945644,-0.32771392153925727
2017-07-25,-0.000282571140262311,4.039711159742332e-05,0.00012138954960172477,-4.0395264449766266e-05,-4.0420540994179355e-05,0.15428561819763997
2017-07-24,-0.003593346354786142,-0.003309148466797973,-0.0035604668464076505,-0.0024249899153261367,-0.002424950862677022,-0.15101901827531705
2017-07-21,-0.0014181733859849333,-0.0002833913723117032,-0.000406066267687466,0.00024308402195294398,0.00024304649907036513,0.7661247943580647
2017-07-20,0.0034085253740585575,0.002065505616370089,0.0011780323675609772,0.0008911252249854673,0.000891059636824787,-0.4275596059304744
2017-07-19,-0.005095418170072197,-0.0016975103200833619,-0.0018663772391510625,-0.000445167937389801,-0.0004451310664167485,0.08272161781428733
2017-07-18,-0.003902146103533899,-0.005182182186234896,-0.005446920967581148,-0.005384837333802017,-0.005384853973383397,-0.16247504129575596
2017-07-17,0.0016730719144131267,0.0007732500375501328,0.002697527303695102,-0.000529207025495193,-0.00052909588965111,-0.2154904369187577
2017-07-14,-0.004277520657198219,0.0002439795007280754,-0.004157681456342988,0.00012218058942758958,0.0001220002038408996,0.797175227171738
2017-07-13,-0.001636502754574054,-0.005773053600955147,-0.0022512504789099497,-0.004642449948220051,-0.004642348574191324,-0.34500777429487894
2017-07-12,-0.0029505818711487164,-0.0014312246808679818,-0.0018870692871488792,-0.0016774527590003308,-0.0016773691139851943,0.5102098724145969
2017-07-11,-0.003822474264416509,-0.006756732269738941,-0.010069860130663355,-0.007458682174064424,-0.00745881621090938,-0.1552715633513615
2017-07-10,-0.0010727152921715666,0.0010307153036810401,0.0037782394740735192,0.0007431892254579076,0.0007431433472171456,-0.27189770150095527
2017-07-07,-0.003717293776724251,-0.0021416968433890515,-0.0049635879583800335,-0.0010727152921715666,-0.0010726249831909396,0.5812079109081834
2017-07-06,0.002819087020713873,-0.001031863963314561,-0.0009145410784382468,-0.006443343907961974,-0.006443440680876433,0.12813878352247543
2017-07-05,0.0030592666214364073,0.004049068314048165,0.005658654500435567,0.009228854592864044,0.009229015656583961,-0.16778388031950675
2017-07-03,0.0010303754475873284,0.0015226122695075617,0.0021100951854788885,-0.0023066976594028343,-0.0023068187204027257,-0.2806260059234653
2017-06-30,-0.0024703803839264404,-0.0027528884305840773,-0.0026010692448391604,-0.0016927624299190036,-0.0016926783133586198,1.2174271718198488
2017-06-29,0.005695909714775738,0.00416131997392255,-0.006705832380943577,-0.0018610297535851528,-0.0018609821029007545,0.23184563128378377
2017-06-28,-0.004760748505938661,0.0,0.00945986386806541,0.008866786603684451,0.008866730675763046,-0.3450883920198
2017-06-27,0.002226775257732072,-0.0013950270745320958,-0.0037980349882018594,-0.008871013001129024,-0.008871011934672102,0.1742525263196968
2017-06-26,0.0035385163955299337,0.004108800967441928,0.0072106626928900575,0.008121621778298449,0.008121609703725552,-0.31061294115215377
2017-06-23,-0.004058999689848242,-0.003560070309352681,-0.00238634845851049,-0.0006576020576399833,-0.0006575708772413869,0.18141462597331603
2017-06-22,0.00020584989986649482,8.214857874722092e-05,0.0007011094127065132,-0.0011928145191293371,-0.0011928670078820147,-0.3409432903198839
2017-06-21,0.002057951866950569,0.0002463638986831551,-0.0009478857605831337,0.0004529772764452211,0.0004528752794794588,0.26795037612037653
2017-06-20,0.003244857378156718,0.002750519360409376,0.0023926446533946155,0.0002469561668692055,0.0002470512565395655,0.016592351226204727
2017-06-19,-0.002702165813715518,0.0019241832867471498,0.0020165068106403616,0.006789881214556592,0.006789961797274202,0.1444020356234097
2017-06-16,-0.003366279459194099,-0.007763633518794277,-0.0075981231739465915,-0.008256376060551296,-0.008256456801944534,0.2983440769733954
2017-06-15,-0.0003707665630716672,0.004447564102890489,0.003021131419502332,0.004657125802246531,-0.00021841972637626217,-0.21392710616169008
2017-06-14,0.008983056135162926,0.003935841024380382,0.0038372338511420967,0.0019280510000727613,0.0019279436798407268,0.18261368030343839
2017-06-13,-0.003593910791497512,-0.0010617634063333492,0.0011920301218473206,0.0012692351525296353,0.0012693713104348081,-0.23581116583102535
2017-06-12,-0.003483855291152693,-0.004864899207453033,-0.004926500493254826,-0.004866088674715718,-0.0048661642931255855,0.43353422012086495
2017-06-09,0.003948467816631718,0.006531907867323383,-0.001774106737888581,0.00020546926279818578,0.00020535572364166477,0.5359344823541572
2017-06-08,-0.0013109590939563986,-0.0027753684089500963,0.005042368320425927,0.0015200484528976599,0.0015201682691405871,-0.5013420900614262
2017-06-07,-0.0006973704607232678,-0.0016780747212534752,-0.00139818235307132,-0.0004922265997713282,-0.0004921242122287728,-0.17901856993178233
2017-06-06,-0.001067364505730084,0.0002459740918823172,0.0011942222855971796,-0.0018468234121838956,-0.0018469845463584544,-0.06960843523695015
2017-06-05,0.00258899075514063,0.001311611629012388,0.0026324449373240633,0.003207096655360786,0.0032071947992091676,-0.11268595385843094
2017-06-02,-0.0022543878253292737,0.0002046786712484039,-0.0027896004838694477,0.0007377064482620987,0.0007377164046313833,0.9836349074248079
2017-06-01,-0.005956770240381104,-0.0039697195669397,-0.005923987938752706,-0.0033173485957926907,-0.0033174033169626194,-0.22222811198417436
2017-05-31,-0.000537277346211118,-0.006163201451162781,-0.004138387701284496,-0.007889542209526867,-0.007889494289822108,0.3311098866042168
2017-05-30,-0.0020674826673418023,-0.00037213493525423136,0.0021609250422245374,0.0002485006606320894,0.00024854896548398564,-0.6165203276831235
2017-05-26,0.000828693972465322,0.0004549443863872682,0.0012024921014681667,0.0008695942028984494,0.0008695640807663274,0.3246415676426557
2017-05-25,-0.001407617826667651,0.0007441422259812924,-0.0020293642828250746,0.00020680980742371347,0.00020682261951843195,0.37404755317939786
2017-05-24,-0.0036483831299551905,-0.005576693608916994,-0.004274626369843881,-0.004756758867405009,-0.0047567781696556954,-0.26757523212276246
2017-05-23,-0.0015396554145404862,-0.002035438076441576,-0.0017505022808882442,-0.0023274094911790444,-0.002327301521628411,0.030131457540003126
2017-05-22,-0.00437592420557531,-0.0022061188352039407,-0.0028808317581905385,-0.002207869166325205,-0.0022080749985586845,0.2620698072264731
2017-05-19,-0.0065717540369631955,-0.0026281964941079483,-0.00649025606971021,-0.005051795172815732,-0.005051599694180453,0.8851052112255904
2017-05-18,-0.006741692944493449,-0.005562999786155265,-0.007754924638514238,-0.0064621459985912955,-0.006462210738072183,-0.06924270115831999
2017-05-17,0.018453340999505352,0.009800218717139986,0.0013592448265500323,-0.0040123199051853575,-0.00401240201092401,0.6083867285331679
2017-05-16,0.0023325432994623085,0.0024574974803606153,0.016458133616118698,0.018064603823033654,0.01806464870676394,-0.7023838080175822
2017-05-15,-0.0048620262835026296,-0.0009556488216698744,-0.0007511914044318058,0.0009163653705732688,0.0009163020101685682,0.20836699725614638
2017-05-12,-0.0015868584725148294,-0.004200669570781135,-0.0032574608885880263,-0.005493162644696126,-0.005493036508713023,-0.12930139262809903
2017-05-11,0.001087498449747093,0.0005847805374992188,-0.0022625089224662664,0.001673817920726739,0.0016737673789533059,0.15665325609735747
2017-05-10,0.00016709003132420186,0.0012521934767903975,0.004283328344111936,0.0020469128154627647,0.0020468643522773,-0.12932520610728648
2017-05-09,0.002381085268311267,0.0013340851572534174,-0.0004599665597314617,-0.001792608533635165,-0.001792441889633678,-0.053976697155108
2017-05-08,-0.0008751750036413153,-0.0011241267236427044,0.000543862967733455,0.0009188189031172911,0.0009186809968178,-0.057969519033082006
2017-05-05,-0.0023357580813347933,-0.0008335987065155592,-0.0020487728565351526,0.0001668739019131671,0.0001669941691500032,0.2813971896655416
2017-05-04,-0.0015050796312129355,-0.003337239265237546,-0.0037707140371836534,-0.003921577020295053,-0.003921695147867776,-0.008686914629209341
2017-05-03,-0.0002512163442514037,-0.00016739075981409002,-0.000336453866332187,-0.0011727215859592688,-0.001172834106203835,0.18995260540132475
2017-05-02,0.0002931356486470804,0.00041858254314752763,0.002524215429417831,0.0012160684538085054,0.001216287314996345,-0.21551128897955496
2017-05-01,-0.0006699171105326585,0.0007950539927199518,-0.0004196642834283226,-0.0003769778384724587,-0.00037712639473108656,0.16569383902941492
2017-04-28,0.0009217404325965184,-0.0010034912489315095,-0.0011335180663331057,-0.0025137884095715046,-0.0025137345490306995,-0.050083355137741536
2017-04-27,-0.000544118891857237,8.372326868144597e-05,0.0002101584561471359,0.0021841565676734565,0.0021840671377477694,-0.09636754558275407
2017-04-26,-0.0010889516926085863,0.0024272944435317356,0.0015547945466811708,-0.000838273239607612,-0.0008380825586700169,0.4753885626795191
2017-04-25,-0.002515580112271709,-0.0024214169516195705,-0.0022656093409119116,0.0006292323983867476,0.0006291573330070577,-0.09449780112747552
2017-04-24,-0.0030684333896273674,-0.006444833728120991,-0.0136663724289674,-0.005784971631293545,-0.005784958859015754,0.5542704336341222
2017-04-21,-0.008137250429887777,-0.008845482349598033,-0.001833189817813774,-0.010878281493260422,-0.010878299852540518,-0.07398798254171846
2017-04-20,-0.004675902231668472,0.0022948791151662373,-0.0014949215928131698,0.0031970672781800324,0.0031971416972778055,-0.16140621687873336
2017-04-19,0.0015802263911226522,-0.0038160227988290885,-0.002566541203552708,-0.008073400324184576,-0.008073426876436196,-0.2578776349703259
2017-04-18,-0.0034112356573217095,-0.0019578293503874633,-0.00042881466249988787,0.0018419850767479318,0.0018419529074740204,0.21143990020363934
2017-04-17,-0.002609960625492125,0.00034117445645498456,-0.0008580616023849963,0.0029931672081318084,0.002993228572366169,-0.17807458744764249
2017-04-13,0.002273596146567858,-0.00034105809614448646,-0.0015888440057356679,-0.008782077582493053,-0.008782198342545677,0.3577933905802759
2017-04-12,0.004708123629121985,0.002004358352075686,0.005419160582752491,0.006537370576262802,0.006537451534740946,-0.11860414037837907
2017-04-11,0.0006815583053261243,0.000936269975511328,-0.0018394489996245156,0.0044011408981801114,0.004400989525704668,0.07550168327136086
2017-04-10,0.0019583099691351524,0.004592235871016426,0.005956972760040813,0.0011911767309722432,0.0011913667609828593,-0.23203964322911041
2017-04-07,-0.0008922799078335819,-0.001100461379422435,-0.0003834064735381837,-0.0005948797585598742,-0.0005949723194648149,0.1005245854118817
2017-04-06,-0.0008930129932301911,0.00016946186440680577,-0.0008950136417277266,0.001020429434784198,0.0010204922318637344,-0.07090897606981639
2017-04-05,0.005618425933273219,0.0057193951874079385,0.0004692232362946136,-0.0028032746958606136,-0.0028033479283602336,0.5737230204901078
2017-04-04,-0.005333086543068966,-0.007624571412547243,8.529462180040248e-05,0.0029815018442007624,0.0029814929861884387,-0.4810120532423534
2017-04-03,0.003404268085106299,0.0019101663816101233,-0.0027711204192626404,-0.0006369713034987123,-0.0006368922785021658,0.5150036659098718
2017-03-31,0.0004240500370138456,0.0020336228531696587,0.0075669657976664695,0.001742247042516798,0.0017421574837637177,-0.13809331766933775
2017-03-30,-0.0018227766466158979,4.2319564549364586e-05,-0.00173960035716747,0.0023330278626236822,0.0023329614670650756,-0.2304962086227217
2017-03-29,-0.0020384592430523485,-0.003001885624862366,-0.0022952692260761465,-0.0031740658606731476,-0.003173873807598815,0.09186980836442671
2017-03-28,-0.007319464502330453,0.0,-0.006773727376538585,-0.0009339645348466208,-0.0009340971118778629,0.509012048348356
2017-03-27,-0.005744463398731581,-0.008014927339934141,-0.006562571873391931,-0.007224256116905359,-0.007224211455340912,-0.06449666734057946
2017-03-24,0.010563584158776562,0.004787940362414034,0.005828789750750074,0.0010273350104299528,0.0010273266067235554,0.286439234116026
2017-03-23,-0.0004266831549899486,0.0012763912905664476,0.002747248372120925,0.0007269220870311788,0.0007269751974636751,-0.10750287320818919
2017-03-22,-0.002176861030292354,-0.0031018739373140924,-0.002354464836786141,0.0010682391192080587,0.0010681250302955192,-0.028294906000679187
2017-03-21,0.015827509674851026,0.012787178667630572,0.0022741857677643917,-0.002347631049802179,-0.002347701725082252,0.3509314414794833
2017-03-20,-0.0018528740394452292,-0.0010521442655943014,0.011730477680190976,0.013006494895931198,0.01300665732531292,-0.6014165920007162
2017-03-17,0.003037594410148836,0.002569935951424185,0.003004366871062425,0.0010980909558122587,0.0010981397488558642,0.694084169252146
2017-03-16,0.005720298633017817,0.005168701915499341,0.004514226066380633,0.006117356478577918,0.0017591694349099463,-0.11975110699635172
2017-03-15,-0.0064823846493980986,0.0010033653971992518,-0.003401986474540486,0.001970819388977363,0.0019707942194304717,0.226409169815174
2017-03-14,-0.0015996169523455617,-0.009188092973704598,-0.004635640071008029,-0.008579213332235547,-0.008579223444850403,-0.3767727082548412
2017-03-13,0.0018551396112065355,0.002613370371493673,0.004445586142973079,0.003841300223925037,0.0038414145718390635,-0.04382038984115111
2017-03-10,0.0014729652696101603,0.0006726772022507266,-0.0027398793892285944,-0.0005045877003035937,-0.0005047154931657749,0.4319993433094409
2017-03-09,-0.005336823946981206,-0.0032770312868326545,-0.0035926751526722533,-0.0034919474652534976,-0.003491843469956679,0.10601316962570606
2017-03-08,0.002703840338451613,0.0016860309879020985,0.002799647857816945,-0.00126658363055554,-0.0012665716066477817,-0.13800795951651834
2017-03-07,8.428836410701024e-05,0.0005470669943907769,0.0015228469083634621,0.001860001706628367,0.0018598739531316966,-0.16713957486874553
2017-03-06,0.0005898171528908591,0.0014719728902390372,0.0010559216306791352,0.0029958101265823434,0.0029959780035930805,-0.14918046132554674
2017-03-03,0.0028210442105263134,0.0020578112308458074,0.003037850787684926,0.002986794746087318,0.002986621276973578,0.4799075670454853
2017-03-02,0.00583616749243121,0.004023326750667078,0.002019143600204387,-0.0006291166901192247,-0.0006290052982250716,-0.14307288991793765
2017-03-01,-0.00488394978196649,0.0031306089163323225,0.000671625856591529,0.006337327295298234,0.006337280822303004,1.1233693021666715
2017-02-28,-0.00721507197120308,-0.014023010576892814,-0.009858585599248793,-0.013804312343833391,-0.013804341627989714,-0.34993919207928226
2017-02-27,-0.00012675455382382683,0.0015193121103942442,0.0013981950445183244,0.002706474382769608,0.002706493802533849,-0.41713807175808226
2017-02-24,-0.004986443564006349,-0.0021912477534975494,-0.0039771608890926125,-0.0015604402953884877,-0.0015603647722081115,0.45768410026293727
2017-02-23,0.00603073964913281,0.00046455088159058633,0.0006371606875297253,-0.001267225621626511,-0.0012673515039091088,-0.09426498150072349
2017-02-22,-0.003630534371189209,-0.0015196327949251742,0.0011462217791324836,-0.0006767171318158294,-0.0006767627779964425,-0.16753399744558461
2017-02-21,-0.0021184645010005054,0.0006341802842615429,-0.0013569393091892312,0.0008888014258030541,0.0008888345785755813,0.43195385348513726
2017-02-17,-0.00666613015173001,-0.006759922204065072,-0.006708853269688175,-0.00591994997843559,-0.005919995855399929,-0.1320125334331691
2017-02-16,0.004274417665412589,0.00029779233991744647,-0.00034192708243285796,-0.0015738440865004089,-0.0015735662413226548,0.0973821338504044
2017-02-15,-0.006384337174518029,-8.506973830468834e-05,-0.0019671027932323115,0.0008520662881217334,0.0008518729899615884,0.02435483414067585
2017-02-14,-0.0038123752899428265,-0.006081449375187065,-0.005270127277390291,-0.005193261580054842,-0.005193175233289216,-0.18063784628360857
2017-02-13,-0.0020639663060196822,-0.002738436441876546,-0.000473815463924776,-0.003979430945392881,-0.003979498984165275,-0.22397868061708082
2017-02-10,-0.004653576312878549,-0.00557773613487722,-0.006162499381652475,-0.0054131072661749435,-0.005413067206673672,0.19632815713791252
2017-02-09,-0.0076190259740260835,-0.0035380203902485308,-0.005983826337347953,-0.003930668306567187,-0.003930781631073743,-0.0009194754596998367
2017-02-08,-0.0013086851921852993,-0.006754700239290368,-0.004056914062621653,-0.005897662465802589,-0.0058975203764987105,-0.21816323807675508
2017-02-07,0.001921914021822957,0.001177056546392885,0.0017958171065288742,-0.0013086851921852993,-0.0013086038503430375,0.12343356694889285
2017-02-06,-0.002223428323667398,-0.0014369154151891994,-0.0007870234313261948,-4.3718877926646194e-05,-4.37347940673849e-05,-0.002435647802911056
2017-02-03,-0.00021841220383667093,0.000959320621293891,-0.0003499868839149656,0.0017909536213542854,0.001790858493629921,0.3940657655896078
2017-02-02,-0.005244349109734814,-0.006316693448267907,-0.007178499298566621,-0.0068456964654346475,-0.0068457212548586055,-0.1353670162059104
2017-02-01,-0.00039537827070057485,0.0021481367256079853,0.0005290318150814599,-0.000658598574727054,-0.0006585594321101285,0.13580858370084536
2017-01-31,-0.002417276853238337,-0.004330854443866272,-0.0027319775911520683,-0.00039537827070057485,-0.0003953405218114492,-0.04091246332995013
2017-01-30,0.005242761569173693,0.0026361642538796914,0.0003976537522820678,8.79180771233834e-05,8.780332514413125e-05,0.050823133124584974
2017-01-27,0.0054783714377732995,0.006091143813643285,0.01037936026890418,0.006240377856641777,0.006240445943037187,-0.25115222110605706
2017-01-26,-8.719379380339731e-05,0.0005227187686349666,0.0010928484239562941,0.0015722627349774587,0.00157224540574874,0.004347600362411663
2017-01-25,-0.0030514255375262422,-0.0006094640883451685,-0.002183310820123796,0.001046548632568145,0.0010465457779682552,0.4079825648191533
2017-01-24,-0.010056856275341475,-0.00649041666841077,-0.009802595286915294,-0.008581264711988168,-0.008581324751789965,0.1316663054536067
2017-01-23,0.0015018154108252801,-0.005568239165483657,-0.004419498750704909,-0.006370878566672844,-0.006370913056113592,-0.21446952706966538
2017-01-20,-0.00017644879208655873,0.002204488357695711,0.003107368879879724,0.002608936615757562,0.00260905268124767,0.7208346211644836
2017-01-19,0.0006175518387852019,-0.0013637675541222638,-0.0024781917844040047,-0.0036605847300742456,-0.0036606194341695097,-0.48432668620701935
2017-01-18,-0.0013225313229152658,-0.0008810440528635999,0.002173772198681867,0.003718277124195035,0.003718320254218588,-0.17738647145722486
2017-01-17,-0.0010152512011422088,-8.820105703410963e-05,-0.00044263392056587136,-0.0022050716648290836,-0.0022050774674786666,0.11766949608802535
2017-01-13,0.0018558526079788251,0.002733905118325497,0.003941536705825532,0.003535924861878259,0.0035359181342549117,0.024119541220885443
2017-01-12,-0.0010144048165554587,-0.002858372986588531,-0.00763154521477305,-0.002290262026554357,-0.0022902224448533293,0.1498025284647604
2017-01-11,-0.0006180971302428562,0.0015435766262403838,0.002800448881564943,0.002516253928911194,0.002516131286314227,0.03517802565965722
2017-01-10,0.000530106907006056,0.001541131619344993,0.0018617802537663763,-0.0028181373099568363,-0.0028180228719248968,-0.1457213663764233
2017-01-09,0.0018986577516542091,-0.0016706529127809011,0.001814092336933859,0.0,0.0,-0.26394383733274374
2017-01-06,-0.001674694783399655,0.0029946403269367483,-0.002296634593204061,0.0033118430487375505,0.003311779606331333,0.5245069738409065
2017-01-05,-0.0011477287827120763,-0.005137203073545482,-0.0018592209435825957,-0.0035650410415242195,-0.0035651156547046314,0.09529219576885928
2017-01-04,-0.0028727139634469046,0.0007502780408661369,0.0005765699942623659,0.0007950883602938497,0.0007952210216450872,0.004661963025810456
2017-01-03,-0.002570703008835773,-0.004057323042998884,-0.007668082054571701,-0.00591401265854008,-0.005913982433503162,0.1602920334652369
