Date,AAPL,MMM,INTC,JPM,DE,WFC,BK,PM,HD,GE,Portfolio Value
2017-01-04,-0.0011192423590185019,0.00151642796967133,-0.005191256830601176,-0.0036684626848563218,0.01701105237866396,0.0008928571428572507,0.015638031693077536,-0.008878658336073708,0.008860099769190777,0.00031555695803087147,0.0029322857110507528
2017-01-05,0.005085330115497166,-0.00342081650964543,-0.001647898928865632,-0.009204924634679479,-0.004441504441504263,-0.01552185548617313,-0.012728392527201815,0.007852245078522335,-0.011808118081180763,-0.005678233438485836,-0.004413789989388683
2017-01-06,0.011148272017837302,0.002926115581565414,0.003576341127922822,0.00011613053071646284,0.010821072615092353,-0.0025371511417179304,0.0016635475150759138,0.007791067705475774,-0.0027632561613144535,0.0028553299492386497,0.0039344634049547356
2017-01-09,0.009159528453905441,-0.0053862986029287185,0.0035635964912281715,0.0006967022758941344,-0.012207719034650899,-0.014534883720930258,-0.01100269877517146,-0.00577090592334506,0.005841383958660851,-0.004745333755140746,-0.002507284678457511
2017-01-10,0.0010084881082443875,-0.0038923675748856468,-0.0019120458891014325,0.0029009050823856075,-0.002851982127578645,0.00700589970501464,0.0016792611251050804,-0.008651845361953847,0.013327376963740756,-0.0028607755880484254,0.0007699275362320623
2017-01-11,0.005373184451347601,0.007418733718427717,0.011220580186097395,0.007520536850630366,0.007817713795404524,0.003295496155254707,0.006496227996647175,-0.0008837825894829621,-0.0029390154298309934,0.003187759005419233,0.004457618681268816
2017-01-12,-0.0041753653444676075,-0.002529653156444822,-0.006495263870094692,-0.009646302250803873,-0.005108315201967528,-0.005474452554744547,-0.011867582760774487,0.0007739938080495445,-0.004642593957258745,-0.0025421035907213785,-0.004595526120159565
2017-01-13,-0.001761006289308087,-0.0002817853922454372,0.002179242713157059,0.00533395176252327,0.005895217267281483,0.014862385321100957,0.005899705014749346,-0.0012153353220638596,-0.00022210705560077315,-0.0009557183816500947,0.00205942924389535
2017-01-17,0.008064516129032251,-0.0007328485258469852,0.00027181299266110237,-0.03633217993079585,-0.013706399470649444,-0.02766226722111742,-0.02744030163385003,0.021681415929203585,0.006590639810426735,-0.002869897959183798,-0.004336239215863347
2017-01-18,-8.333333333343518e-05,0.0069389597201852116,-0.0010869565217391797,0.0046678635547576786,0.008625646923519081,0.009111193752324498,-0.004307559767391944,0.012234733650931195,0.0016920473773263112,-0.0012791813239525496,0.004627319330399615
2017-01-19,-0.00175014584548705,0.0010644854053449837,-0.005168661588683343,-0.007624493685966183,-0.0020904599011780656,0.005712179841532938,-0.030067056024226546,0.0038506792170285298,-0.0056551116333725115,-0.0006404098623118415,-0.002912621359223211
2017-01-20,0.0018367006177992806,-0.001063353481083551,0.010117582718074836,0.004441776710684353,0.016377832793753377,0.008977647489923246,-0.006244424620874267,0.007671816728822556,0.0015510746731666192,-0.02178788849727653,0.0033400511763770346
2017-01-23,0.0006666666666665932,0.00011205109529943691,-0.004602057390362568,0.00047806860284427266,0.003560052463931207,-0.01489013982204479,-0.015484739676840276,0.0020090937929577724,0.018215339233038197,-0.02554864068129714,0.0008124851890720652
2017-01-24,-0.0009160559626915088,-0.014228894739790388,0.023116671199347127,0.01206546410225795,0.005134428678118086,0.008294930875575979,0.01732391155687263,0.010764035457998977,-7.242702976739679e-05,0.008403361344537785,0.00251440426659455
2017-01-25,0.015920646828373686,0.004318917997385929,0.004784688995215447,0.015462700661000861,0.0036221788799106758,0.03510054844606936,0.006273806856374575,0.00636876174566714,-0.00420107199768216,0.012333333333333307,0.008041659168615878
2017-01-26,0.0004922874958976919,0.0005092514004412241,-0.006349206349206327,0.008369173544112485,-0.003979270775495092,0.00989049805722364,0.0013360053440214514,-0.0003112356053531773,0.007128309572301594,-0.001646361540994401,0.0019190645675968288
2017-01-27,8.20075446941182e-05,0.0037326094333220983,0.01118210862619784,0.0020749279538905263,0.003344792344141867,-0.010318293109478627,-0.004225038914832058,-0.0004151100041511757,-0.0009388993211035812,-0.010224274406332334,0.0004120313143800569
2017-01-30,-0.002624026240262478,-0.011606941627225642,-0.014744602422327335,-0.010353157713102634,-0.008611908510047228,-0.009012192966955546,-0.002456453774006162,-0.003737541528239241,0.0010120725800619734,-0.001666111296234618,-0.0063003695623136124
2017-01-31,-0.002302063635616136,-0.003420362558431145,-0.01603420630678798,-0.016273393002441017,-9.340556697168267e-05,0.0044579172610557105,0.001343183344526322,0.0017715714881201272,-0.006427384993139218,-0.008678237650200371,-0.003987901870729282
2017-02-01,0.06098063452822422,0.002002059260954203,-0.008147745790331173,0.0037811650714876244,0.0009341429238673982,-0.0074560624889047356,0.006483344511513778,-0.001872464371163951,-0.001017589765954452,-0.00033670033670019084,0.00833389567447207
2017-02-02,-0.0017087378640776585,-0.00565165268025325,0.004381161007666945,-0.004237786933490195,0.002613159122725417,-0.00286174208549439,-0.004886717014660258,0.030119854090672415,-0.003565192083818447,-0.0003368137420007855,0.0009815403491160168
2017-02-03,0.004279156617132296,0.004937421058674785,-0.004362050163576825,0.030618276392008426,0.005212696639671943,0.02726457399103155,0.019419642857142927,0.022966410360178102,0.007520993063161674,0.0006738544474393926,0.0112655026018742
2017-02-06,0.009374031608304634,0.00034277879341870765,-0.006845564074479782,-0.004702913512273588,0.0006482081674230589,-0.012572027239392436,-0.00021896211955352296,-0.010978142616951847,-0.010798666473401886,-0.0013468013468013185,-0.0029640566806972135
2017-02-07,0.009517230792846831,0.003769274700171188,0.0022056796250342625,-0.0005762360262762112,0.00647788265778293,-0.003713527851458731,-0.0045992115637318864,0.01629999999999998,0.001172247051066,-0.003371544167228735,0.0043101066475106364
2017-02-08,0.003877442408575904,0.007453345471096995,0.0008253094910590786,-0.008763837638376515,-0.00321809488782665,-0.012602058927937532,-0.006820682068206851,0.009839614287119991,0.009001097694840698,-0.004397834912043153,0.002002751031636496
2017-02-09,0.002877915783096041,0.006268707290902009,-0.02528862012094557,0.014425314099581366,0.006549211327368409,0.019773503505302603,0.007975188303057212,0.0013641235506187677,0.006019727299100719,0.0054366292898402335,0.005611869488342691
2017-02-10,-0.002265518803805877,0.0046020877764056944,-0.0033840947546530664,-0.002293577981651418,0.010263929618768097,0.0022915564956813572,0.0013186813186814028,-0.0013622652525057122,0.008218585538173118,0.004393376140588101,0.002883103267517173
2017-02-13,0.008855585831062607,0.011284916201117268,0.013016411997736288,0.013218390804597746,0.004626269956458762,0.0038691523039042774,0.012291483757682187,0.0009743739647276595,0.0001430103682518169,0.010767160161507361,0.007110811046258325
2017-02-14,0.012979218245930069,0.0032040658490775087,0.0036312849162012384,0.01599546228020432,-0.006320541760722387,0.015767344078486234,0.015177797051170838,-0.0014601382264187723,0.010652748981196947,0.007989347536617952,0.006844353138346637
2017-02-15,0.0036290919863721793,0.0005506607929515184,0.0033398274422486995,0.011500669941938435,-0.008450704225352101,0.009830976198689223,0.013028620247757416,0.0034119711444728917,0.005871533672891838,0.002311756935270859,0.003479456173887119
2017-02-16,-0.0012176223156961097,0.00941111722619703,0.009986130374479707,-0.0006623247599074622,0.000458211143695042,-0.0073441502988899066,-0.007590132827324569,0.0005829204313607672,-0.004571348196075853,0.0032948929159801743,0.0006581622824852751
2017-02-17,0.002770697107392195,-0.0025080420914889157,0.001922548750343367,-0.003313818623660536,0.010076028212878896,-0.0005161734342736812,0.0014871468026342871,0.006505485969511726,0.010315105270594982,-0.002627257799671656,0.0030747512125215426
2017-02-21,0.007220748600058835,0.002295709210166752,0.0010964912280704286,0.008644574975063657,-0.0059853087875216815,0.0027543467033910307,0.007636826474331837,0.008682230368512345,0.014125874125874072,0.004939084622983314,0.005490931965753676
2017-02-22,0.0029992684711046547,0.014560724218792398,-0.01232201533406363,0.0005493901769035858,0.00036493020709804647,0.0018884120171673846,-0.004421052631578992,-0.0002869166029073611,0.0015859881395670072,-0.006225425950196706,0.002788793926155275
2017-02-23,-0.004230180147327123,0.00618146635132244,0.0030496257277516925,0.0007687239182956329,-0.017510259917920656,0.0022275531185742548,0.0010573059843519417,0.019037596862145012,-0.0037177280550773073,-0.010220903395977476,0.00015861434508135375
2017-02-24,0.0009521716838789551,0.0011752764570756025,0.009673852957434947,-0.008778667837155751,0.008261394226306562,-0.011625918960506021,-0.00528094634558518,0.011265490048817162,0.008568861861654176,0.005662891405729731,0.002611435337900758
2017-02-27,0.001975706132006705,-0.002667947281361771,-0.0005474952094169927,0.0011070519207352358,0.008193702817160808,0.004324511330219716,0.0004247186239116907,0.009097660601559587,-0.004453579993148327,-0.008280887711162643,0.0011494131665805707
2017-02-28,0.0004381800920176815,-0.002996094376972791,-0.008490824431662491,0.002101072652880731,-0.0001826317231305996,-0.003100241129865622,0.0006368074718743344,0.005979760809567525,-0.0026841018582244303,-0.004342017368069717,-0.0006951759005686675
2017-03-01,0.020439448134900173,0.01883552455057691,-0.0074585635359115665,0.03288457294195535,0.015800529728742463,0.03196268140981329,0.028850233347475607,0.007956104252400564,0.012214477951832281,0.012747400201275072,0.01789742184370824
2017-03-02,-0.0059374776450388245,0.00015801116612235155,-0.000556637907041635,-0.015598290598290654,-0.015105196907031049,-0.01707684580612745,-0.01051546391752567,-0.003810560696788312,0.008658303790564315,0.0,-0.004804705297601797
2017-03-03,0.005900978698905934,-0.0030543999157406354,-0.0002784739626844335,0.007163012806598701,0.011776519992696688,0.0030659172202349705,-0.0008335069806210127,0.0037340619307830725,-0.0009462656302805517,-0.002318648559125669,0.0026220501935323437
2017-03-06,-0.0031478036915151275,-0.0021657598647719656,-0.009192200557103125,-0.00948275862068959,9.022827754234797e-05,-0.004754627271183476,-0.0010427528675703845,-0.004355321658651601,-0.004600500642716998,-0.003984063745019917,-0.0037982565379826028
2017-03-07,0.0012918042198937219,0.0010058231868714795,0.00646612313747541,-0.00554830287206276,-0.005413208228076671,-0.0052891997952567715,-0.004801670146137638,0.0074728879978127605,-0.007544348535308831,-0.004666666666666597,-0.0015417630268556026
2017-03-08,-0.0037270642201835402,0.0022211645248293443,-0.005027932960893877,-0.0021879444262116188,0.0020863570391873587,-0.0015437392795882854,0.010908328088944597,-0.007507914970601548,0.0061635392411996115,-0.002009377093101228,0.00019823466811330626
2017-03-09,-0.002302158273381205,0.0020579388950452415,0.005614823133071267,0.003946935643021732,-0.008056485923780277,0.008417797629273194,-0.005395310230338124,0.005103900838497877,-0.002041927579635061,-0.0046979865771811236,9.38820215927727e-05
2017-03-10,0.003316988751081329,0.006898367561874785,0.002512562814070307,-0.0031669760838702876,0.003102755977368199,0.0025553662691653045,0.005007302315877427,0.0023576351106275872,0.0015686809439365845,0.02090357383681729,0.003556751569768757
2017-03-13,0.0004312203536007697,0.0016212541185083307,-0.02088554720133673,0.0008764241893077784,-0.0003639010189229186,-0.002548853016142716,0.0037367656217561773,0.004342319522344873,0.003949608443990504,-0.01387054161162482,0.0003429818635349857
2017-03-14,-0.0015086206896550713,-0.006213450292397615,0.0005688282138796019,0.0016418563922941942,-0.0060975609756097615,0.0010221465076660774,-0.0018614270941055278,-0.0022518465141415644,-0.0018313776029303952,-0.010716677829872845,-0.002877981880142988
2017-03-15,0.01057630045326996,0.004571008248830832,-0.0022740193291643784,0.0024041088405639677,0.01446753960260061,-0.0008509189925118843,0.0014504765851637291,0.014895729890764597,0.005368306605055828,0.007447528774543244,0.007022954850944618
2017-03-16,0.0016374768617399837,-0.004654811715481211,0.0011396011396009875,-0.0009811403030633992,-0.0005415651232061336,0.010390052801907634,0.0028967515001034894,0.00249066002490661,0.005272051368705677,-0.00033602150537637154,0.0010657561177502828
2017-03-17,-0.004975478001279399,0.010771898481425124,0.0036994877632330336,-0.010475774770842383,-0.002528673349589061,-0.010957518543492917,-0.01155353827109562,0.002661934338952898,0.0058495259866873095,0.004369747899159782,0.0003410923223219342
2017-03-20,0.010500750053575203,0.003379080889997832,0.00453643322937336,-0.007168063520070711,0.0038931643277499983,-0.017726265553093534,-0.014610728449175436,0.0089380530973453,-0.012032085561497374,-0.0046854082998663005,-0.0006302890030068786
2017-03-21,-0.011452000565530973,-0.004559349256515133,-0.011007620660457351,-0.029323558813728723,-0.011453823953823994,-0.03088669095956975,-0.01673374285109086,-0.004561003420752829,-0.00805142083897148,-0.01176866173503699,-0.011817617866004881
2017-03-22,0.01129862700228812,0.0004684328319366493,0.009417808219178037,0.001602013960407378,0.0014597208283917418,-0.009310653536257929,-0.005601034037053143,-0.00431756101859182,0.005115612850419504,0.0047635250085065195,0.002008851501930531
2017-03-23,-0.0035355678121906653,-0.0004161897825409877,-0.0028272547356514854,-0.0015994516165885875,-0.0021863897239683405,-0.0014458702331464623,0.0025996533795495935,-0.0004424778761061843,0.004275244299674297,0.0030477480528274814,-0.00036546272802262525
2017-03-24,-0.001986942946352488,-0.003278859165191994,-0.003118797845194421,-0.001144295686005159,-0.00502145530904774,0.010497737556560915,-0.0006482281763180442,-0.010270030987162393,-0.0018920197310628994,0.0033760972316003723,-0.00256961998871863
2017-03-27,0.0017064846416383617,-0.005639392198840687,0.006541524459613202,-0.0005728032993471688,-0.016700311983850247,-0.007881067526419483,0.0,0.005277752929599977,-0.005686818766502011,-0.009421265141318802,-0.0036130194369973223
2017-03-28,0.020726859738784853,0.0029407131229322037,0.005933879627013416,0.015589179275561804,0.010918253079507334,0.010290666185232,0.016216216216216273,0.0037373198077950143,0.002246885000340315,0.006114130434782483,0.008902389035451819
2017-03-29,0.0022253129346314626,-0.0016231216294045892,-0.0008426966292135463,-0.0037246049661400216,-0.001384657989476401,-0.005182273052180109,-0.005957446808510625,0.005319148936170137,-0.0010869565217391797,0.002025658338960179,-0.0005938118554016381
2017-03-30,-0.0013183458229252265,0.00314663310258001,0.005060444194546099,0.00860994675427662,0.009151414309483963,0.010238907849829282,0.01733732876712324,0.0010582010582012025,-0.0006120783460281665,0.006401617250673786,0.0041070330334713745
2017-03-31,-0.001875911901619065,0.0002613969050606624,0.008951048951048923,-0.0133662810288665,-0.002839607950902434,-0.01031294452347098,-0.006311803071744282,-0.005461592670895077,-0.00081660428717234,-0.0023434884499496933,-0.0032078233517084387
2017-04-03,0.00027843519420867047,-0.0031882088538128794,0.002495148322705809,-0.0036429872495448157,-0.0007348888480617211,-0.0030542579949693893,-0.002117298327334205,8.857395925598865e-05,-0.0014302254307704265,0.0026845637583892135,-0.0013226686662918263
2017-04-04,0.007446068197634048,-0.0027789429530200582,0.0033185840707965486,-0.0023994515539303984,0.00661886376172105,-0.005226166876914684,-0.003394865266284741,0.004782570188645918,-0.0019096985404446487,0.004685408299865967,0.001167992825187092
2017-04-05,-0.0051806313462734455,0.00026289499973719543,-0.001653803748621896,-0.012827854770358527,-0.0022831050228310223,-0.003985507246376918,0.0006387055567382838,-0.0022917584839134975,0.0020500205002047522,-0.0016655562958027836,-0.002427007489349209
2017-04-06,-0.0024996528259965123,-0.0018397813288478782,-0.00524572059635553,0.0033646594732568147,0.010892448512585862,0.0070934885412876625,0.006595744680851112,-0.005300821627352237,0.004091653027823439,-0.001334668001334638,0.0012947687167168542
2017-04-07,-0.0022274815536682535,0.0005266206751277647,0.0,-0.0034690101757631764,-0.010141253169141828,-0.009571970381072492,-0.003381948848023675,0.008970601296740321,-0.0007470795979354072,0.002004677581022296,-0.0014286608129810974
2017-04-10,-0.001185991349239801,-0.0014737617769355893,-0.006383569247848997,-0.0034810860988629955,0.00283571167215535,-0.005470459518599813,-0.001908801696712592,-0.0048415492957746276,0.007340447223543878,0.0006668889629877217,-0.0005325981390392753
2017-04-11,-0.010756443388978076,0.0018976332296660736,-0.0016759776536311444,-0.0017466231951559497,0.013956033932317702,-0.006967363403007076,0.004249893752656053,0.0032728881026093948,-6.74718305108124e-05,0.0009996667777405488,0.0003657032996886578
2017-04-12,0.0012003106686437892,-0.001946651233755925,-0.0030777839955232755,-0.0038492942960458576,-0.016282835552356878,-0.019202363367799125,-0.007829030892932742,0.003174043378592728,-0.011201079622132348,-0.00898801597869503,-0.005671551372974926
2017-04-13,-0.005289139633286366,-0.005535055350553542,-0.010665169800729735,-0.011709601873536313,-0.012345679012345734,-0.03332078313252995,-0.01002345915973546,-0.006328001406222583,-0.004299167462808784,-0.007054081289889269,-0.008750183827391456
2017-04-17,0.0055299539170508005,0.00906440498277239,0.006524822695035404,0.017298578199052228,0.007407407407407307,0.026679649464459665,0.01357173632055142,0.014859366707942634,0.009594955794667959,0.0027063599458727605,0.010745509457956048
2017-04-18,-0.004441937530846873,-0.000735448623660484,0.00803269447576116,-0.008152806894945352,-0.0030330882352940236,-0.005121396054628358,-0.0034006376195536703,0.0040962175352972086,0.0030547824316067285,0.006747638326585648,-0.0008649702764761402
2017-04-19,-0.0036827195467420415,-0.0020502575964671532,0.004054242974975475,-0.008219821512447156,-0.0023047847331059135,-0.0057197330791229906,-0.0006397952655149419,-0.011283742730665791,-0.003654574986464487,0.00536193029490617,-0.003908852895961545
2017-04-20,0.012510662496445724,0.007006268766791113,0.007518796992481258,0.012905517404688815,0.005359452966180012,0.025886864813039256,-0.004481434058898892,-0.03450092178035291,0.010188833038989209,0.008999999999999897,0.004224432177321047
2017-04-21,-0.0011934849761303656,0.001778614772965037,0.00386954118297389,-0.01203974284044429,-0.01158088235294108,-0.009345794392523366,0.002143622722400762,-0.003273322422258529,0.00860677783754693,-0.02378592666005941,-0.002286913191712703
2017-04-24,0.009629577563787128,0.01425587467362921,0.01183920704845809,0.035257927117841925,0.02519992560907558,0.01226415094339628,0.01711229946524062,0.025269111476007966,0.012599999999999945,0.0,0.017170134690401184
2017-04-25,0.006265664160401085,0.004633681717551408,0.0032653061224490187,0.008685714285714408,0.026303854875283417,0.01696178937558246,-0.006834910620399537,0.006228312127413371,0.007505431562314868,-0.0033840947546531774,0.008171387223485649
2017-04-26,-0.006151930261519167,-0.0006662225183210468,0.0016273393002441683,0.0019261273510084997,-0.005302695536897883,-0.0003665689149561224,-0.0015881418740074649,-0.017154478733751977,0.007776253022283353,-0.006451612903225712,-0.0024855814335000836
2017-04-27,0.0009690165317559618,0.005692307692307663,0.013539128080151563,-0.009272871197557486,-0.012172367836516984,-0.001833516685001868,0.0014846235418874976,-0.008636977058029571,0.012320062248735608,-0.006151742993848464,0.0002972614939054097
2017-04-28,-0.0009736421169760368,-0.001427770129009187,-0.03473149879775583,-0.006962675493665138,0.0038676020867058902,-0.011021307861866059,-0.0033883947479880216,0.005898901896723929,-0.0001281065846784335,-0.003094910591471711,-0.0021784477532187374
2017-05-01,0.0205360250609119,-0.005208599295307259,0.004982009410462229,0.0006896551724138167,0.003225517426753921,0.01151560178306088,0.0025499362515937207,-0.00261638397690378,-0.012107623318385552,-0.0017247326664364682,0.0010710056124811906
2017-05-02,0.0062073669849931346,0.008829115548483202,0.018452217020104467,-0.006432345508844528,-0.009288202197016981,0.0014689680499448965,-0.0012717253073336598,-0.0007236544549976687,0.00479865118993561,0.001727712508638346,0.0024997685399499314
2017-05-03,-0.003050640634533197,0.005597109856001703,-0.0005381287182258943,0.005780346820809301,-0.0012620571531597458,0.0056839017235057465,0.005942275042444933,0.0012673123925046603,0.00032268473701191347,0.008278716798896246,0.0020626564872963105
2017-05-04,-0.0036039711682306352,0.009512725800738808,-0.0029788880441340426,0.0011494252873562871,0.011192345879591947,0.0060164083865086315,0.004430379746835467,0.005334056595244663,-0.0009032258064515242,-0.0010263427984947837,0.003624977868065704
2017-05-05,0.016583634750563236,-0.0005513508094832087,-0.0008141112618724744,-0.0011481056257175437,0.009640274926358883,-0.0012685755708589097,0.0008401596303297953,0.009442446043165464,0.00561797752808979,0.00068493150684934,0.005285336761660098
2017-05-08,0.027121374865735737,-0.0037612838515546088,-0.008147745790331173,0.0011494252873562871,-0.0041552471045882555,-0.0012701868989295484,0.0006295907660021083,0.0033853006681514586,0.007448789571694592,-0.005133470225872738,0.004029434153768108
2017-05-09,0.006274509803921635,-0.0034734457588723178,-0.0041073384446880246,-0.0040183696900114585,0.008345170454545414,-0.006540697674418672,-0.011744966442953086,-0.006215040397762439,0.005035375103575879,-0.004815961472308117,-0.000262833343442348
2017-05-10,-0.004546635489737771,-0.006668013740149692,-0.00989826780313452,0.007838616714697544,-0.0002641310089803728,0.00073152889539152,0.000848896434634927,-0.009827570803180752,0.0028538812785385836,-0.00795022468026274,-0.0025582430027504266
2017-05-11,0.004502153203706172,0.000559397884458912,-0.008886420438766973,-0.003088184833581309,-0.0007045354469396026,-0.017909356725146375,-0.004877014418999015,0.0032482179915187537,-0.01220514766331493,0.005923344947735165,-0.0025141165617428296
2017-05-12,0.013965573238064355,-0.0009148665819569413,-0.004483048472961548,-0.0027535566773747577,-0.00317264475191692,-0.013397841458875903,-0.003622416364798764,0.004676679557513941,0.004609475032010035,-0.020782819535850372,0.000975659332283163
2017-05-15,-0.002562459961563124,0.005392481050007669,0.0028145229383620407,0.004832029452370046,0.006100256387587377,0.0056582421727648935,0.007485029940119903,0.00581863754363976,0.0026127963293400835,-0.0031835868411742574,0.003543470977043661
2017-05-16,-0.0014771997430956807,0.0014167889490461771,0.005332584900364701,0.0030913670712158225,0.008787346221441172,-0.0011252813203300738,0.0014858841010401136,0.010323958704165248,0.005911142185215601,-0.004968062455642408,0.003510724403075649
2017-05-17,-0.033575609442336174,-0.015512101460259609,-0.021775544388609736,-0.03812350188334679,-0.01367595818815337,-0.01915133308298922,-0.018863925392115344,0.002026074700493208,-0.013711613800075684,-0.022467902995720213,-0.018611309949892685
2017-05-18,0.015241264559068046,0.0020529665366455507,0.005136986301369939,-0.0036786519520588534,-0.004945685772321795,0.0026799387442575373,-0.0019442644199610948,-0.0014945054945055825,-0.0024985585239285513,0.002553812477197992,0.0016026134927729085
2017-05-19,0.002753376163629362,0.002868264699856571,0.004684838160136318,0.009766555502620289,0.0730451761782196,0.012982054219167427,0.007359307359307232,0.010213065680577449,0.003853564547206201,0.020742358078602585,0.013892735161081804
2017-05-22,0.006733786610878534,0.013840653728294239,0.010880316518298905,-0.0009436187780136329,0.0066997518610421025,-0.0009423294383716918,0.005586592178770999,0.01289872755795729,-0.0021753039027510024,0.004634581105169344,0.006408602803194441
2017-05-23,-0.001233846353659418,-0.003929273084479323,0.002516074923119893,0.012514757969303458,0.0034508257333005776,0.007168458781361853,0.004914529914529897,0.0020650490449147796,-0.007245447550654038,0.0035486160397444344,0.00042217419711532145
2017-05-24,-0.00299089726918067,-0.0012137763617052766,0.007250418293363037,-0.0005830223880598506,0.005322197658232941,-0.005619029780857598,-0.0014884116521368673,0.008329040013738798,0.0010979784279532279,-0.0159123055162661,0.00048228119002891034
2017-05-25,0.003456371462110308,0.01038027241885664,0.003875968992248069,-0.004200210010500416,-0.00285062713797013,-0.005839141081183108,0.008943781942078344,0.017457208549774172,0.009419354838709815,-0.01221703197987778,0.005312578458448458
2017-05-26,-0.0016897380905959158,0.0056630249574018965,0.0,0.00011716461628585861,0.002940455770644279,-0.007010231148162238,0.0006331785563526982,0.0029293605624372,-0.009970599514252942,-0.0014550745725717684,-0.00034963637816665116
2017-05-30,0.00039059957034015547,0.008820451487516978,-0.0022062879205735353,-0.01710402999062799,-0.004316312403290112,-0.004770082045411184,-0.006538704914574867,0.001001418676458421,-0.006584893479664289,-0.003278688524590123,-0.0017887657516313382
2017-05-31,-0.005921780438602142,0.010027662517289038,-0.001934770591486945,-0.020858164481525665,0.0016358580075248597,-0.019555214723926295,0.000424628450106157,-0.0012505210504376585,-0.0024044710163764194,0.0007309941520468044,-0.0020022024226651336
2017-06-01,0.002749410840534372,-0.0005868831613440317,0.0002769315978952136,0.011077297626293392,0.018291687081495978,0.01838091513492368,0.006366723259762397,0.00918196994991649,0.010683343104683773,0.01241782322863405,0.007804192998295045
2017-06-02,0.014819166993079946,0.011499877660875901,0.005537098560354448,-0.005056585600770602,0.0016840417000800745,-0.005184331797234876,0.00189793336145061,0.0073614557485526255,0.0012890750886238589,0.005772005772005873,0.005653541426125397
2017-06-05,-0.009778063686072591,-0.002322206095791035,0.0005506607929517404,0.0018151016456922076,0.0033624209430791474,-0.0017371163867978545,0.0006314460113661102,0.0014779538549962723,-0.003604763437399461,0.0035868005738881603,-0.0017320559008670022
2017-06-06,0.0033781589033974324,-0.0039278440500436496,-0.00577875619152457,0.002053388090348829,-0.0022341019707970977,0.0017401392111369152,-0.0065208245687842226,0.00024596212183314314,-0.003811615737450702,-0.0017869907076483171,-0.0014277074389505984
2017-06-07,0.005956620265458179,-0.0019473248624701789,0.003598117907555931,0.011451301832208216,0.0019192323070771344,0.005404362092260362,0.014185898793140028,0.0024590163934425924,0.004928664072632927,-0.0089509488005729,0.0035743717545200226
2017-06-08,-0.002445774602561568,0.00453636407980107,0.006067291781577389,0.012394231915147325,0.005666852901268893,0.009022845075830066,0.010229645093945638,-0.00973017170891255,-0.00942178626742396,-0.0032514450867052735,0.0007321151201560294
2017-06-09,-0.03877669527066274,0.00480722540545786,-0.0211074561403507,0.023660977045320664,-0.0003968253968253954,0.023592085235920823,0.02087208100847282,-0.008174386920980825,-0.003517915309446118,0.012685755708590207,-0.0027285938843907287
2017-06-12,-0.02456705598066866,0.002222973952544116,0.000560067208064785,0.0002299908003682294,0.0003969829297341132,0.005390334572490829,-0.006072874493927127,-0.00790875790875789,-0.005099372384937184,0.035790980672870454,-0.003816604708798188
2017-06-13,0.008739333883842848,0.008293553208930327,0.00419815281276259,0.003334099793055767,0.0033333333333334103,0.006655574043261003,0.0095723014256619,-0.004027859360577257,0.01189380996188727,-0.01693158258465799,0.005493083888944206
2017-06-14,-0.009755099256429589,0.004303954856295533,-0.009754738015607556,-0.002062564455139082,7.910140800526655e-05,0.0014692378328740041,0.004034698406294224,0.008930828207936559,0.017988181050717422,0.008435852372583597,0.0032659686071141447
2017-06-15,-0.005993386607880957,0.006094947859625721,-0.006191950464396245,-0.005970834768630362,-0.0004745709088034289,-0.011553273427471034,0.0002009242515570442,0.006346555323590852,6.379178361837212e-05,0.008713837574067629,9.864656907332403e-06
2017-06-16,-0.013999584170767077,0.009229021723697217,-0.002832058906825252,-0.004505024835393168,0.012107303948722059,-0.00018552875695732052,0.0022097227802329034,0.011036428512156693,-0.000829240288320543,0.0020732550103661485,0.002298442386039712
2017-06-19,0.028607577142053975,0.0005627462014632378,0.008520306731042204,0.021930842422835717,-0.007114933541829682,0.006494711449248403,0.007817197835237488,0.008699934340118176,0.013853421859039816,-0.006896551724137945,0.009093951144617307
2017-06-20,-0.009088424217575608,0.0,-0.018304702900591274,-0.006245032360622238,-0.0074809040081894596,-0.014380530973451267,-0.00835322195704058,-0.006427990235964298,-0.007178389270197094,-0.023263888888888862,-0.0071003608699892196
2017-06-21,0.005930625474105389,-0.002343457067866539,-0.008032128514056436,-0.00457038391224851,-0.009996826404316206,-0.008978675645342493,-0.005415162454873612,-0.01572352796658738,-0.006849749476755096,-0.012442232492001382,-0.00557945816388683
2017-06-22,-0.0016453006101323497,-0.0030066710513955153,-0.006362058993637731,-0.0011478420569330794,-0.007372976438531853,-0.00924877312193273,-0.000806614236741332,-0.003993676678592406,-0.007088575260233765,-0.008279337652987828,-0.004415512574826752
2017-06-23,0.004944036256265827,0.003204222033738713,-0.004947613504074688,-0.0018386577798206183,-0.002099144195058855,-0.0007620499142693138,-0.00766902119071633,-0.0012530281513658537,-0.026820169796758497,0.0007259528130671988,-0.003879468582257517
2017-06-26,-0.0036214554151009493,-0.00136214185063388,-0.0035097981866042405,0.004374856090260115,-0.0020226537216828655,0.008579599618684375,0.007728289607484173,-0.00041820006691184464,0.0007269843367918583,0.0014508523757708058,0.00011952667436965214
2017-06-27,-0.014264161294746724,-0.013310756784723266,-0.012327560904021095,0.009284731774415356,-0.010944466963923816,0.004914933837429025,0.00262361251261356,-0.011463475859760708,0.005415400871747744,-0.014487504527345152,-0.006403872201418137
2017-06-28,0.014540141922916527,0.004004194870816935,0.01634472511144125,0.02010221465076656,0.012049180327868836,0.02200902934537252,0.0185185185185186,0.006686981547316728,0.006502890173410325,-0.004777655273796699,0.010484638901417931
2017-06-29,-0.014743194130151571,-0.013151647516854936,-0.019298245614035148,0.014807392562903754,-0.012634648092654244,0.026688753911283003,0.008102766798418815,-0.015555368704279982,-0.0069829667819617525,-0.0022156573116689504,-0.0068742498338472124
2017-06-30,0.002366369710467664,0.0016357950445033964,0.005963029218843285,0.0027427317608337276,0.013780657862357604,-0.006633201864467586,0.00019603999215855872,0.003160232319781464,0.00814931650893791,-0.00037009622501837924,0.004045226632573673
2017-07-03,-0.0036106096375503327,0.007877419664729324,-0.008298755186722073,0.014770240700218817,0.011004126547455195,0.006677495036996994,0.015876127009015972,-0.004682843763303524,0.003976531942633477,0.0162902628656052,0.005202789411378417
2017-07-05,0.004111498257839852,-0.0003336033932231919,0.026300059772863094,0.010026954177897673,0.005202080832332978,0.0,0.008489291915878994,0.014029084687767313,-0.008570872021297249,-0.0036429872495445936,0.0036023197355659065
2017-07-06,-0.00943854535359856,-0.008295194508008974,-0.02067559697146193,-0.0032023911187021303,-0.004060509554140057,-0.003944065973467081,-0.019896690262100836,-0.001602834486249427,-0.004191499115855701,-0.03802559414990869,-0.007642244354599925
2017-07-07,0.010159041546976999,0.007547351216229181,0.007433838834373985,0.005033197686870938,0.01239107842353504,0.003239740820734305,0.01015030255709548,-0.0038022813688213253,0.001183821111476524,-0.006081337894336625,0.005524916778456568
2017-07-10,0.006103481758912288,0.0042940980008587815,-0.006788665879575051,-0.007032498668087417,0.011844598862918332,-0.0026910656620019457,0.002512077294686055,0.0022052586938081653,-0.006897457794127204,-0.00420650095602304,0.0014526983625025025
2017-07-11,0.003240038604715334,-0.003943180198584306,0.008023774145616835,-0.003863075437278707,-0.0006243171531137293,-0.009893865803202173,-0.007902852737085575,-0.008039945836154416,-0.0038364863077128275,0.013056835637480946,-0.002644615050622412
2017-07-12,0.0014430014430015792,0.007822188304874578,0.009728773584905426,-0.0034471614779704174,-0.0357644853974699,0.002361918604651292,-0.0003885758694386343,0.008702329152802779,0.013213811420982768,0.007581501137224889,0.0005936479667554284
2017-07-13,0.01392891450528344,-0.0009938476100330718,-0.00029197080291964994,0.006377688898497436,0.007612568837058742,0.007794090991480873,0.011856171039844599,-0.006089824917533515,0.004587456582999971,0.007900677200902928,0.004518936022940956
2017-07-14,0.008594437301211233,0.003221374769055929,0.012850467289719614,-0.009129967776584369,0.008439157691689347,-0.010971223021582821,0.005762581636573172,0.013786060760786256,-0.00267466892817525,-0.0003732736095556355,0.0034256351698542797
2017-07-17,0.0034889962426194465,-0.00042498937526569414,-0.006055363321799345,-0.009322493224932282,0.003267713397624883,-0.005091834879068835,0.018907563025210017,-0.0010912448585578272,0.006606488749345774,0.0014936519790886837,0.0013734242409377817
2017-07-18,0.0034768654720516157,-0.0017479213907786173,0.0017406440382943256,-0.003501477185687718,0.0016682554814109185,0.001645037470297872,0.0033739456419867864,0.005378151260504227,-0.011176814607836816,0.0026099925428784143,-0.000626989958363966
2017-07-19,0.0062633262260127776,0.0037385831243197387,0.0008688097306690512,0.0014274733721313382,0.0017447854706953425,0.002554744525547381,-0.008780123295348274,0.016549648946840412,0.007425905237563368,0.0018594272963929903,0.004842615012106366
2017-07-20,-0.004502714872202329,0.0016501650165017256,0.005497685185185119,0.0,-0.005621090966669184,-0.0010921004732433737,0.016019600452317873,-0.014471304061832058,-0.04090019569471626,-0.009279881217520436,-0.00813618847861075
2017-07-21,-0.0004656112810962343,-0.006072016945163572,-0.0005755395683454401,-0.003399122807017596,0.0011942675159235527,-0.012937317784256552,-0.010202188833240422,-0.002336058735191049,-0.0025845065632863484,-0.029224428624953225,-0.004170314052187707
2017-07-24,0.012111532574698991,-0.005493464671339265,-0.0066225165562913135,0.004290901089228694,0.006361829025844923,0.0018460402436772938,0.0020614692653673217,-0.005770195684897006,-0.014115240368223536,-0.018525665766113475,-0.001392633855818115
2017-07-25,0.0042737852587284575,-0.05052380952380964,0.004927536231884133,0.016652059596844904,0.010667720268668468,0.014556845402616592,0.004862539741911087,-0.0089999158886368,0.016530640475860947,0.00039323633503740574,-0.004490336874171663
2017-07-26,0.004713892889878224,-0.0018055067957268855,0.0023074704355348086,-0.009374999999999911,-0.0006254886630181478,-0.002724300762804388,-0.00632793597617709,-0.0014428789679170606,-0.0019051507110294796,0.005896226415094352,-0.001291578905535773
2017-07-27,-0.018897432555714966,0.005124855549414775,0.0063309352517986195,-0.0041335798977483185,0.004850571115631475,-0.0036423238025858895,-0.009926952612848816,0.004589885252868742,0.007089781171177201,0.007815552950371174,-0.00036807862955401394
2017-07-28,-0.007040382571732118,-0.0016495876030991896,0.009722619388047082,-0.002949208083014798,0.003659296169417514,-0.025772253701334402,-0.003783579265985826,0.002707504865047783,0.0023691870303934603,-0.010081426909654745,-0.002040105488381183
2017-07-31,-0.004347826086956497,0.007260164229921706,0.004531294250920359,0.005696757230499561,-0.004887130556201935,0.012007504690431547,0.007026205848841727,-0.015188591680027175,0.010264721772015095,0.0031335683509596812,0.0016553649780615132
2017-08-01,0.008061807188444847,0.009991549435800717,0.02480969833662261,0.013398692810457469,0.005768631119426271,0.0025954764553206555,0.012822930416745315,-0.007111644246422744,0.0016711229946524409,-0.00663803201874269,0.0061027815940903896
2017-08-02,0.047250916361212925,0.010975489713554332,0.007977991746904944,0.0008599376545201931,-0.0003100294527981218,-0.008505917159763343,0.0037237013591506773,-0.01225405591991724,0.004337671004337684,0.0031446540880502027,0.008608832464204186
2017-08-03,-0.00999109074710447,0.010758969865147794,-0.0040938864628818905,-0.006551390828052894,0.004109164211505645,-0.0041029466616933075,-0.0016694490818027763,0.00026210029704687443,0.0019269102990031595,0.009404388714733702,0.000647509540954827
2017-08-04,0.005270939127081098,0.00014449475002420442,-0.005206906001644418,0.012540540540540546,0.0018531387537643607,-0.010486891385767638,0.00371609067261236,0.0023582845663379093,0.012998209430333585,0.0007763975155279379,0.003872738859747926
2017-08-07,-0.011312594305112444,-0.0010113171201540094,0.09125032199205774,0.0038436899423446302,0.0016184971098267553,-0.00567751703255126,-0.0057386153276565155,0.009585221331474214,0.003927986906710368,-0.005818463925523654,0.00277684350516183
2017-08-08,0.035306865557682254,-0.004868877747782441,-0.08084306339604175,-0.0036162518613059857,0.01585103108648811,0.003235629996193534,0.001489480543660271,-0.010271016744346495,0.0,-0.0027311744049942632,0.0019058221334047332
2017-08-09,0.0061219390304845245,0.00024221285665815273,0.004943696786597229,-0.0016011955593511207,0.002954097863959948,0.0015177385695313017,0.004647704034207001,0.006453300776140036,0.012455167916530785,0.005868544600938996,0.0044522212501214575
2017-08-10,-0.03594933565130998,-0.0012107710189849241,-0.012845039628313848,-0.014326953918528784,-0.03496714749641261,-0.01591210456525849,-0.03867505551443373,-0.010311064899055422,-0.008888316372536398,-0.015947102294826987,-0.01779769278414367
2017-08-11,0.01423327107618988,-0.0012122387625467246,-0.0069213732004429485,-0.008352315869400107,-0.008452026921270894,-0.0001924927815207811,0.004619826756496526,0.005778322535457736,0.006498570314530827,-0.0039525691699604515,0.0016257919577491453
2017-08-14,0.015049530099060293,0.006748227983299326,0.013102871480345835,0.011704222270837894,0.014759273875295742,0.017327685791297842,0.012262885610270224,-0.0010445682451252214,-0.004003099173553792,0.006349206349206327,0.007997717748440936
2017-08-15,0.01094776352830773,-0.0009162366784007947,-0.009356081452944531,0.002594875121634921,-0.01081123123590233,0.00018925056775143112,0.006057164489873257,0.01795050540257903,-0.02651367820562689,-0.008675078864353258,-0.001805459318610092
2017-08-16,-0.004022277227722748,0.003571773337194495,-0.0050000000000000044,-0.006901757791437535,-0.004324579336373868,-0.003027436140018991,-0.005079962370649005,0.007789762027050173,0.013850968901911287,-0.0015910898965791898,0.0012123345261141338
2017-08-17,-0.019136377757067335,-0.012360523278183821,-0.01814628699050791,-0.01563687696818339,-0.020927110479349254,-0.016891250711709938,-0.02042360060514381,-0.015289221099124894,-0.016945812807881877,-0.013944223107569709,-0.016688475284651227
2017-08-18,-0.0023437005130804156,-0.008862916971025148,-0.004549331816889657,0.0009928295642580576,-0.05379899983868375,-0.0023166023166023564,0.005791505791505891,-0.005175536961960048,-0.01456537716309192,-0.008080808080808133,-0.011648807809567452
2017-08-21,-0.0018412698412697548,0.0050115462094040275,-0.0025706940874034023,-0.0012122547939167339,-0.006734293751598175,0.002708978328173517,0.0017274472168904431,0.007977109165004714,0.011594006373313315,-0.0024439918533605276,0.0025521482255537187
2017-08-22,0.016347560587748777,0.004448790026888139,-0.0077319587628866815,0.010261502813637913,0.008238928939237722,0.007719027402547374,0.009005556620041988,-0.00017204301075268713,0.0047587131367292645,0.004491629236423211,0.006785062839503642
2017-08-23,0.0012517211165352649,-0.013579285505694538,0.000288600288600227,0.001201397990388875,-0.00876744977868571,-0.0036384527001150913,0.002088872009115228,-0.006624795663770167,-0.005403241945167059,-0.008536585365853666,-0.0053456771688816795
2017-08-24,-0.004438054756844556,-0.0027137711550795363,0.0014425851125217104,-0.0016363041343951945,-0.008673250322026593,0.0024985585239283292,0.00037900322152717436,-0.00814134765286667,-0.0057008718980550155,-0.0036900369003690647,-0.004103364759102446
2017-08-25,0.0037044013310729706,4.9475559073863806e-05,-0.0011524056467876465,0.0040428321678323,0.0034650034650034467,-0.0074769938650304235,-0.002652017427543063,0.0024449877750611915,0.009443507588532851,0.007818930041152194,0.002683201350645259
2017-08-28,0.010071312398348464,0.0016326126750112468,-0.0005768676088838687,-0.0031559473283273576,0.001035911602209838,-0.002704268881591587,-0.007217473884140513,0.006445993031358954,0.011627129969929761,-0.0008166598611677456,0.0036983212227510442
2017-08-29,0.00891806527528316,0.0022720537390099604,0.0023088023088022602,-0.00545851528384278,-0.0006036564332526639,-0.004067402672864651,-0.003443657929978916,0.008741561364029593,-0.010238456965453335,-0.001225991009399241,0.0004493529317781686
2017-08-30,0.0027008777852801646,0.0037945988566925326,0.004606968039159387,0.0023051591657519133,-0.003451548882561273,-0.001166861143523934,0.005183336532923688,-0.001029601029600924,0.0010678056593700358,-0.006546644844517169,0.0012676042280090893
2017-08-31,0.003979185797367668,0.0030929353429229867,0.005159071367153878,-0.004599715255722336,0.0038098536669843863,-0.0056464174454828875,-0.0015278838808251427,0.004294425835265736,-0.0008666666666666822,0.011120263591433144,0.0017444874197538596
2017-09-01,0.00030487804878043256,-0.003719655442443237,0.00042771599657842607,0.008911871493013646,0.0018114379366858113,-0.001958096729978487,0.0009563886763581664,0.007696912682801482,0.006071929005137644,0.024032586558044855,0.002661929924072659
2017-09-05,-0.012008533983541514,-0.012674395755551182,-0.0018526435798773555,-0.023882224645583428,-0.005252281728947983,-0.017068864037669162,-0.02159373208484605,-0.0013578884834082317,0.014259185568378019,-0.01511535401750197,-0.007746244733694674
2017-09-06,-0.0010488647581442523,0.005323912827146948,0.021130782410051063,0.006703161657915402,0.0059724746819009855,-0.0043912175648702645,0.0013671875000000888,0.008073425681992097,0.02373634996403573,0.00646203554119551,0.007521654764048202
2017-09-07,-0.004014575999011782,0.011927740658252972,-0.00615212527964204,-0.017534124958384245,0.0009464808122525703,-0.004009623095429071,-0.01930953774136923,0.0025290844714214167,0.008750638732754501,-0.03611556982343511,-0.0003474635163309703
2017-09-08,-0.016309066104427616,0.006015846620365917,-0.009848058525604997,-0.001242516661018711,0.00833834780366205,-0.0020128824476651763,0.002983293556085842,-0.01564076690211924,0.010954220224149713,-0.008326394671107407,-0.0011619246238639969
2017-09-11,0.018092416314694493,0.018814721182361716,0.01648195510088102,0.015494232074191316,0.005370843989769947,0.021782977006857607,0.021812413246083517,0.007432086109687486,-0.008079669297256564,-0.004198152812762368,0.01091690031617265
2017-09-12,-0.004210526315789553,0.00038175224279424214,0.008946044171093126,0.012250807439581068,-0.005681336385991775,0.017962889853928354,0.008926838734717668,-0.007462053760705634,0.009724063900991231,0.008010118043844772,0.0023309335536407794
2017-09-13,-0.0072752145255564615,-0.0007155123068114388,0.006650041562759501,0.0028606007261524624,0.0009380863039398779,-0.002133023075431506,-0.007693787266781826,-0.0016232379325075152,0.0006878869364017604,0.00836470096194053,-0.0010793519963105958
2017-09-14,-0.008581271531475143,0.009260585230798757,0.004128819157720898,-0.0019747668678002928,0.008520064752492118,-0.003303536727555456,-0.008916456677650841,-0.0011124422385759836,-0.003999500062492278,0.006221484861053561,0.0002848639038139922
2017-09-15,0.010108668182966962,0.0090810197228397,0.014254385964912464,0.007145212707486026,0.005406775365379923,0.007213881848313397,0.008409935458634887,-0.00805277135269411,-0.00614882670347594,-0.01360263808738671,0.003810197187524622
2017-09-18,-0.007568176132099147,0.0019217248652447783,0.0,0.014189041693953186,0.007394336610368812,0.020325203252032686,0.0027152831652443865,0.002504534070299602,-0.003724747474747492,0.02214793146677807,0.002739189982390977
2017-09-19,0.0003781433163170256,-0.0009356287425149601,0.006216216216216042,0.010977184674989093,0.026607723746767675,0.012331625877442631,0.00657640232108303,-0.006202618883528688,-0.0009505101070907962,-0.010629599345870933,0.004058536585365813
2017-09-20,-0.016758016758016803,-0.01428170069301371,-0.00429760945474067,0.007025761124121788,0.007068573285667901,0.0073088455772114536,0.006917755572636519,-0.01673023578363364,0.006469618165673152,0.0049586776859502635,-0.00425589801391435
2017-09-21,-0.01717178189274038,-0.0003325257707471607,0.003506878877798769,0.004545454545454408,0.0066962484872932215,0.005767441860465183,0.0003816793893129944,-0.004496165035704935,0.003214015628938638,0.017680921052631637,-0.0005854915201309874
2017-09-22,-0.009778994719342848,0.0015206234556166542,-0.0005376344086021057,-0.0021045985478269635,-0.008254527969225767,0.0035146133925267886,-0.0009538344143459332,-0.0036308891250441677,0.0048998052641497924,0.00484848484848488,-0.0017575035638265346
2017-09-25,-0.008822173941668177,-0.00014234200037965827,-0.0005379236148468358,-0.0074870821469997795,0.00016161616161625147,-0.004055299539170609,-0.0032461332824134104,0.00657719313838756,0.007063824467087532,0.00965018094089265,-0.000352119564154596
2017-09-26,0.017203586848222985,0.001423622645090994,0.008342303552206776,-0.004462388440289011,-0.003958956128302549,-0.0042568943179713825,-0.0015325670498085309,-0.009183222958057513,0.0009931719428926122,-0.007168458781361964,0.0009001780787070146
2017-09-27,0.007117670105785567,-0.007344927261527023,0.0018681611956230526,0.015795090715048143,0.00032446463335489284,0.007620817843866146,0.012279355333845166,-0.005347117012743929,-0.0021083963785192283,-0.022462896109105457,0.0006647506207597687
2017-09-28,-0.006159631718861469,0.0003341607790721124,0.007725093233883706,0.0021012817818868434,0.002757054816737048,0.0007378712414682909,0.004738438210765805,0.0017023564196756436,0.008948545861297674,-0.005334427574887335,0.0016998495535449631
2017-09-29,0.005480167014613846,0.0016702457647339575,0.006608511763150915,0.0013629691759280416,0.015607310367135918,0.01658986175115218,0.00018864365214121825,-0.007066189624329033,0.007390983000739038,-0.0024752475247523664,0.004642271982523427
2017-10-02,-0.0020114196729821288,0.013625535969509217,0.025210084033613578,0.01392524343000745,0.013536109562863219,0.005802357207615572,0.011882308562806365,-0.001261147644356475,0.00281242357544631,0.016129032258064502,0.007960237642216539
2017-10-03,0.004356023665561537,0.008507238202669631,0.008709016393442681,0.005266418835192077,0.006363422106999694,0.0019830539030105676,0.002795899347623587,-0.006133309281140087,0.007011340080477879,0.009361009361009476,0.004911780568610746
2017-10-04,-0.0066623511134128455,0.009087943328517811,-0.001015744032503707,-0.01016949152542368,0.0017954722872757234,-0.01115509175962559,0.0,0.011162537435339015,0.0007265241872009831,-0.012903225806451535,0.0005087117364050986
2017-10-05,0.012637275269988812,-0.000692776648808624,0.0048296898830706425,0.007575757575757569,-0.002493571261591443,0.007823871906841307,0.011710037174721188,0.001077005923532548,0.005021477403351904,0.002450980392156632,0.0042714656667728335
2017-10-06,-0.000579187849925944,0.000693256921015184,0.00252972426005571,-0.0017509527242765,0.0009374267635340328,0.003430222061743926,0.0007348888480618321,-0.002420656266810206,-0.0016253310859619674,-0.006112469437652646,-0.0003338388607510012
2017-10-09,0.003477141017385721,0.0007389617587290065,0.005803684077718918,-0.005262071811803715,0.003980332474830206,-0.007916516732637602,-0.0025702221406280756,0.018873011593421474,-0.000844136267711737,-0.03936039360393606,0.0012880941930804024
2017-10-10,0.0003850102669404887,0.0003230570426433488,-0.005268439538384406,0.007468104968364253,-0.003031716417910335,0.008523757707653346,0.006073992269464368,0.015877216194760457,-0.0033190513547765033,-0.0029876227059326688,0.0021250035734368122
2017-10-11,0.004169339320077015,-0.0011072664359862427,-0.008827238335435084,-0.0029856892824048353,-0.003742690058479492,0.0008991188635134595,0.004024881083059206,-0.007901363202222678,0.000544926132235446,-0.012414383561643816,-0.001473888402875545
2017-10-12,-0.003513254551261613,0.004988222253013763,-0.002798982188295218,-0.008777364725320203,0.005713391249902111,-0.008084800574919004,-0.0025510204081634624,0.0023630316821283692,-0.003993948562783567,-0.000866926744690022,-0.0006666095287072293
2017-10-13,0.006346153846154001,0.000597453927110525,0.012248022454707908,-0.001354307740389582,-0.004591439688716004,-0.027531244339793592,-0.0012787723785164795,-0.004714921854536036,-0.0007290843915183087,-0.0030368763557483414,-0.001372225769256441
2017-10-16,0.018408815848143023,0.004593055300385895,0.002268716914544777,0.020655122052994024,-0.0014854194355404804,0.0020487986589681206,0.000731662703493674,-0.004123168699008528,-0.001520034048762664,0.016536118363794428,0.005324681521065022
2017-10-17,0.00369026770077574,-0.004434893928310091,0.0007545271629778583,-0.0022485690923957913,0.007594738490447783,-0.011338289962825376,-0.013708645585816082,-0.007663847780126853,-0.005297771282426034,-0.007277397260273877,-0.0027241749167088436
2017-10-18,-0.004424503022371851,0.002388059701492695,0.011560693641618602,0.0037902069248103576,0.0002331183464139297,0.004136115811242513,0.009266123054114228,-0.0012427873945848322,0.0006121824303642054,-0.003018542475204833,0.001218281841890212
2017-10-19,-0.0236604907361041,0.0044440372016310015,-0.003975155279502984,0.0012246147566079557,-0.0015537600994406375,0.006365849091930498,-0.029562982005141403,-0.03875211092347364,-0.0012847965738757017,0.019896193771626214,-0.008013765043633936
2017-10-20,0.0011539941018079425,0.009487319832147234,0.008480917934647003,0.014269697278564974,0.004901960784313708,0.021767441860465198,0.005108798486281874,0.012667591308368031,0.0011639304092134761,0.01060220525869382,0.0075514369771252365
2017-10-23,6.403688524581064e-05,0.0010392192300741065,0.009893643334157654,-0.0017083710179880418,0.0034068912117692918,-0.0001820830298618903,-0.011483433734939541,-0.0014609203798394699,0.008015664198739447,-0.063365505665128,-6.657852937530517e-05
2017-10-24,0.005955048985080369,0.059128864816068605,0.0029390154298312154,0.01590497282061598,0.011034802068060845,0.009287925696594757,0.007046276899638215,-0.007223847841989817,0.007830520820687026,-0.01926523297491034,0.017225963550584034
2017-10-25,-0.004423933800127289,0.013935648838695913,-0.004151404151404137,0.001288149028933816,-0.0033582659136008886,-0.0027968242511730024,-0.021180030257186178,-0.014737036013631521,0.00046738541227497876,-0.016674280493376048,-0.0009981017925435598
2017-10-26,0.006425625779227007,-0.02093140551445849,0.013977439921530221,0.006828302820385934,0.011946699341399691,0.006423595403962645,0.00888717156105101,-0.0003739366177432091,0.009285547440333941,-0.009523809523809601,0.0008961376970704205
2017-10-27,0.035829998094148996,0.007727311754099686,0.07376058041112454,0.00029486927462163415,0.008400181625548786,0.004494786048184096,-0.0015319800842590325,-0.009258393341438409,-0.0018490903668356706,-0.024859287054409096,0.009323682340178774
2017-10-30,0.02250843299601346,-0.015847320439635215,-0.0006756756756757243,-0.0035373882283581404,-0.007129455909943738,-0.00035797386790747954,-0.009397775220559956,-0.011704738531244208,-0.012130990797179497,-0.018278018278018227,-0.005142269454919246
2017-10-31,0.013915547024951902,-0.0035927625313826317,0.025242280820374274,-0.00788876836603869,0.004383975812547236,0.00519247985675908,-0.0038722168441432947,-0.0005730659025786622,0.0028431431855302502,-0.012248897599216102,0.0024586957736507653
2017-11-01,-0.012718883104590684,-4.344237369124926e-05,0.026819081116728816,0.0030812046516250913,0.010460565924142129,0.0012468827930174342,0.0038872691933915515,-0.008505351681957318,-0.0024128362890577515,-0.00694444444444442,-0.00037161597205448427
2017-11-02,0.007310204326202996,0.00890607350768935,0.008349389852279954,0.006638921918351137,0.0012661056081031408,0.004803415762319796,-0.004840271055179035,-0.009156626506024113,-0.016144636594509487,-0.003996003996003861,0.0007620959497389723
2017-11-03,0.026113854024150784,-4.306075873050652e-05,-0.016135881104033856,-0.0017718279358206468,0.004388574828919856,-0.00230169971671379,-0.0013618677042802618,-0.0013618677042802618,0.010325118308647019,0.010030090270812364,0.005172734026745784
2017-11-06,0.010144927536231974,-0.00822495909051757,0.007768666378938249,-0.0062124050882556014,0.0020736132711249855,-0.0030168589174801586,0.0003896356906294418,-0.005065263978180301,-0.0010341261633918242,-0.0004965243296922717,-0.0009238984820346685
2017-11-07,0.003213773314203694,-0.0011289132039424832,0.0017130620985010836,-0.02014288549315335,0.0029561747099255964,-0.020113919544321734,-0.005452775073028215,0.008615625611905209,-0.0034100596760444635,0.003974167908594284,-0.002089941463144007
2017-11-09,0.0061209312968366625,-0.007215822647250736,-0.010260795211628926,-0.011341772151898799,-0.0326431360990348,-0.019073569482288777,-0.0048952418249461616,-0.005435837701417312,-0.0023829891237932,-0.01088570014844159,-0.00842360834391298
2017-11-10,-0.006879690698203378,-0.11489580380742992,-0.01555075593952493,-0.001229130390248856,0.007236441194393706,-0.0035185185185184764,0.0021645021645022577,0.005465547530743908,0.005144852085502638,0.025012506253126565,-0.02385100524436834
2017-11-13,-0.004007557107688631,0.0,0.00372970601140854,0.003589375448671994,-0.0024200257127732216,-0.001672551570340075,0.0017671313567642066,0.00475635798874019,0.007555907622935676,-0.0717423133235724,-0.0002297752435315159
2017-11-14,-0.015117549002701569,0.0,0.0024043715846995273,-0.006029021050480421,0.0073534985975287626,0.005956813104988745,0.016268130145041138,-0.007632112839339289,0.01638947686725123,-0.05888538380651942,-0.00018194720809328047
2017-11-15,-0.013190148243258926,0.12491310471955286,-0.00872219799389451,0.009458209108666571,-0.004590608067429169,-0.005366395262768275,0.0017357762777241437,-0.006522585669781922,-0.015411162679995205,0.02011173184357551,0.018965273013327177
2017-11-16,0.011947007333806381,-0.11104244780817485,0.004179498460184838,0.00285161421733382,0.017691086414152846,0.015813953488372112,0.005583365421640396,0.005977462028417424,0.012268084849217376,-0.0005476451259585069,-0.015651397850845572
2017-11-17,-0.005552308591466937,0.13460892567491944,-0.022343921139101885,-0.003351274499847734,0.008617487556645154,-0.008241758241758212,0.004595060310166765,-0.00019481784531449886,0.0014328358208954839,-0.0021917808219177326,0.024866865421999895
2017-11-20,-0.0009991184249191765,0.009286710847575819,-0.00022406453058487763,0.00886488689627063,0.00847020696766565,-0.001846722068328699,0.0009529254812272736,-0.0009742790335152129,0.016155955645642095,-0.012630422844590927,0.005869966270987348
2017-11-21,0.018590422402635642,0.011231586677610261,0.007171671896010645,-0.0008079991920008078,0.016871165644171793,0.008695652173913215,-0.0019040365575019313,0.007996879266627399,0.014139043707832366,-0.008342602892102535,0.010893326910963674
2017-11-22,0.010511724615917872,-0.1364477450193471,-0.006453048509123205,-0.002931365612048986,0.043237807943690365,-0.008437270726339041,0.00019076688286889798,0.0017414860681115307,-0.0046280226773112165,0.01794727986539546,-0.023303020774455563
2017-11-24,5.71559213533579e-05,0.0,0.002239641657334923,-0.0032441200324412334,0.001721170395869276,0.0005549389567149898,-0.0038146099561320312,-0.003476917133474866,0.001569220039521202,0.002203856749311228,-0.00016887312739688465
2017-11-27,-0.005029433617191548,0.1575622977325215,-0.005810055865921759,-0.003966639544344841,0.02247422680412381,-0.0025882787946017727,-0.0009573042312847058,-0.004458228338825476,0.010619160912203274,-0.003848268279274314,0.032561472545826975
2017-11-28,-0.005859038428399299,0.00696581196581203,0.005394470667565487,0.03502501786990697,0.004100289036768068,0.030027803521779584,0.018206209275584806,0.0015576323987538387,0.013837850252641282,0.016004415011037443,0.009378322625203328
2017-11-29,-0.02074305194429993,-0.14209163787114953,-0.017437961099932786,0.02338200473559593,-0.006292676395769137,0.01997480655029671,0.02409185017880633,-0.0019440124416794102,0.0038511638443676777,0.0038022813688214363,-0.0301432865156962
2017-11-30,0.01398395090866189,0.0,0.020250284414107034,0.007615925961631298,0.009566154675289651,-0.0037050105857443505,0.006065061569564545,0.0006817296455003952,0.014499294781382233,-0.010281385281385447,0.00746345588885533
2017-12-01,-0.004655222577829465,0.0,-0.003568242640499597,0.002583237657864501,0.0005338315761376222,-0.004781299805206363,-0.005297771282425923,0.009343065693430574,0.003336670003336595,-0.022416621104428658,-1.8428272072990026e-05
2017-12-04,-0.007307804735457446,0.0,-0.0042524619516561835,0.02061265387918687,0.006869414432439713,0.021174377224199237,0.009550045913682359,0.008678044547295372,0.024830950005542807,0.0039149888143177325,0.00820994650368001
2017-12-05,-0.0009422850412250661,0.17863586776816476,-0.023600809170600257,-0.011500701262272095,-0.001987149764854146,0.02021258058895281,-0.009823540112788964,0.008125418220055414,-0.01108707409410492,-0.010584958217270013,0.029794991678451677
2017-12-06,-0.0037137467578400862,-0.15156154046662862,0.00023020257826900092,-0.007472569050321454,-0.008097165991902688,0.000341588385994962,-0.0075326106926325576,0.020292053859283232,-0.011211375444353244,-0.00563063063063074,-0.0347370849958103
2017-12-07,0.002615229868055291,0.0,-0.008515535097813665,-0.0029543505193939668,0.011107393777183061,0.013488133856923268,0.003702332469455838,-0.008364312267657992,0.006637168141592875,0.0028312570781428015,0.002539445655824313
2017-12-08,-0.0004839128484762645,0.0,0.0062674094707522165,0.012521506404129301,0.0031103169876249837,-0.0008423180592992408,0.008299520472150546,-0.0010309278350514317,0.007747252747252631,0.0,0.003363900232159933
2017-12-11,0.0194839700064946,0.0,0.007151095732410573,-0.0029264608703862827,-0.0016492941021243324,-0.007418647782836074,-0.002377903786354607,-0.00515995872033026,-0.0063246278828852365,-0.0033879164313947996,0.0006489536164129284
2017-12-12,-0.0056176521688769965,0.0,-0.007558405863490658,0.011645521681499682,-0.001718099517610705,0.024800407677934455,0.0078841217455079,0.011882308562806365,-0.0024691358024691024,0.014730878186968832,0.002402311449559713
2017-12-13,0.003319743739079728,0.0,0.00023078698361422845,-0.012540945250350877,0.005825114185477043,-0.0154152163102933,-0.010733127160269196,0.008760484622553522,0.006765676567656698,-0.008375209380234394,0.0005649671450982385
2017-12-14,-0.00029024206187955315,0.0,-0.001845869866174632,-0.008056108425741892,-0.016518591641987435,-0.003030303030302939,-0.00662008091210009,-0.005173688100517104,-0.004917226684150178,-0.006756756756756799,-0.0051091549211386145
2017-12-15,0.009580768784113403,0.0,0.030050855293573875,0.014141028090961294,0.009569057815845827,0.01097602161431932,0.0033320992225100987,0.01857355126300142,0.0024707626420690243,0.010204081632652962,0.008531525402824203
2017-12-18,0.014666129867141997,0.0,0.038150807899461237,0.007725645374034196,0.021011466825743952,0.01753799899782882,0.00405904059040596,-0.01559080962800885,0.011775659984664122,-0.0033670033670031296,0.00897671814509482
2017-12-19,-0.010656388164607122,0.0,0.016861219195849486,-0.004207180254300447,0.002856400934822201,-0.009192383453709874,-0.004042631385520079,0.0013892747985551068,0.006766632382395832,-0.009572072072072113,-0.0005937232936965575
2017-12-20,-0.0010885756846567007,0.0,0.011054421768707634,-0.0034738522204488254,-0.0007120662868979055,-0.0036447978793904268,-0.004612546125461248,-0.03468368479467254,0.007151306592106721,-0.007959067652075102,-0.0028623662322267984
2017-12-21,0.003785488958990557,0.0,-0.016820857863751204,0.015922366685509504,0.00965213448208857,0.02444296641170607,0.007599629286376253,0.003928331896138726,0.004110832310074253,0.0011461318051575464,0.005524518018110047
2017-12-22,0.0,0.0,-0.001283147989734723,-0.003524065658907505,0.010714744001026455,-0.0009738678785912169,-0.0066225165562914245,-0.001240694789081842,0.00026584432156506743,0.0017172295363481194,0.0006822819780696321
2017-12-26,-0.025369978858351017,0.0,-0.013276231263383398,-0.004001861330851564,0.0077445565923950355,-0.0068237205523963285,-0.0035185185185184764,-0.005160057333970514,0.011853505554669796,-0.0039999999999998925,-0.0029246351642756574
2017-12-27,0.00017588087002406994,0.0,0.0006510416666667407,0.001868809568305041,-0.0010708661417321297,-0.0029445444135449694,0.0005575171901135434,0.005763135145519183,-0.0008930447573020084,-0.00286861732644883,0.0002879228215300067
2017-12-28,0.0028135990621338536,0.0,0.002385599653003556,0.00531617235590387,-0.005549249590112382,0.005742411812961423,0.0052005943536401755,0.0009550186228630686,-0.002155738997844381,-0.0011507479861909697,0.0005217099018361981
2017-12-29,-0.010813654430675834,0.0,-0.0012981393336218838,-0.007885703683087497,-0.007545973367152903,-0.010277324632952611,-0.004804138950480263,0.00801450243297408,-0.0013173147855412015,0.005184331797235098,-0.00373996811752908
2018-01-02,0.0179046268392129,0.0,0.014514731369150713,0.009444548344866188,0.00958405213724367,0.006922696555134333,-0.000742666171555828,-0.011926171320397416,-0.007914314356566199,0.0303724928366762,0.003934489140971387
2018-01-03,-0.0001741553465690604,0.0,-0.033525517830450546,0.001018990273274678,0.004556673628251406,0.007693566868554491,0.006131549609810438,-0.001245330012453305,0.005211934265808571,0.009454949944382562,0.0009438126340322039
2018-01-04,0.004644951518318452,0.0,-0.018338488731771907,0.009069035720896013,0.005733005733005614,0.01250812215724495,0.009972299168975018,-0.007577210819106117,0.007936088037669986,0.020936639118457334,0.003825572063398397
2018-01-05,0.011385308905970115,0.0,0.006977267611973925,-0.00641966250917092,0.004259584064144395,0.006738328252847925,0.002559882976778116,0.00802164878708811,0.01044564589785324,0.0005396654074472096,0.005054485803180686
2018-01-08,-0.00371428571428567,0.0,0.0,0.0014768321949416574,0.004927644710579049,-0.011314741035856613,0.004194783877439434,-0.001534036433365249,-0.002389610389610497,-0.014023732470334282,-0.0009435062735672073
2018-01-09,-0.00011471178663602366,0.0,-0.025033527045149828,0.005069124423963123,0.027869157718328985,0.0035460992907803135,0.009081002542680627,0.007201843671980068,0.005519683399291875,0.015317286652078765,0.005978213213403416
2018-01-10,-0.00022944989387962966,0.0,-0.025676295277395678,0.011004126547455195,-0.003985507246376807,0.013813042081593174,0.03131749460043198,0.007055010010487139,-0.006732263076126399,0.01988146551724146,0.0015844212021856041
2018-01-11,0.005680188192093594,0.0,0.02141176470588224,0.005351473922902583,0.015278283012004401,-0.0017427122940429918,0.009249563699825325,-0.0072895957587807425,0.015015641293013582,0.004807438322151247,0.006747675633332673
2018-01-12,0.010326335006846321,0.0,-0.004607233356369367,0.016510285095633348,0.010987698554878689,-0.007300428503412171,0.010202317136434491,-0.003433148960518717,0.00893774399013747,-0.013669821240798963,0.005735420834827698
2018-01-16,-0.005082161612739333,0.0,-0.0016199953714418625,-0.0035501908227567602,-0.010395747194329674,-0.0007993605115906854,-0.01506333447449515,0.0035406698564592887,-0.0005600244374299734,-0.029317697228145034,-0.0037988978829588405
2018-01-17,0.0165162608547591,0.0,0.02897542883634685,0.006413111249665926,-0.0006565596275514007,0.0220800000000001,0.006082725060827299,0.008772766282063582,0.017879883857164547,-0.047226798462383424,0.008827766053356889
2018-01-18,0.0008933556672250376,0.0,0.0020274836674927244,0.0023895919992922288,0.002807143283760194,0.001095804633687969,-0.0438763171532216,-0.006805936288874492,-0.007456711039935726,-0.03342939481268015,-0.0037104979238500313
2018-01-19,-0.004462791476068206,0.0,0.007643884892086339,-0.00220731061274948,0.01441334127456817,0.004222048475371443,0.02276422764227637,0.036642238507661684,0.015126304643775512,-0.030411449016099934,0.008355727589141493
2018-01-22,-0.008181105009526068,0.0,0.020749665327978617,0.011680382267055922,0.00035227806481930024,0.007941451261289423,0.019607843137254832,-0.001009915534337269,0.015546615010182174,-0.005535055350553542,0.004670880474627381
2018-01-23,0.00022598870056489417,0.0,0.006775956284152951,-0.0010495932826030119,-0.0100950815823454,-0.003707708944847954,0.0,0.006617038875103454,0.0021520101731389296,0.0445269016697587,0.0001291434661558899
2018-01-24,-0.015928603705377187,0.0,-0.012158054711246202,0.012783469048244678,0.005573342819874316,0.015351217242983495,0.0008662508662509172,0.009769013055783926,0.006442166910687996,-0.026642984014209614,0.001721690536999887
2018-01-25,-0.017850992997359594,0.0,-0.00439560439560438,0.00025935851992731074,-0.002771226415094419,0.0025962125839951167,-0.015925220702787013,-0.02811934900542512,-0.004121811657453178,-0.015815085158150777,-0.00749366896237913
2018-01-26,0.0023376775173864495,0.0,0.1055187637969095,0.005358686257562528,0.013953763377283934,0.004265041888804388,0.016358839050131913,0.025118615685180146,0.009056824268393493,-0.0030902348578493166,0.012018055337193134
2018-01-29,-0.020698501545099335,0.0,-0.0019968051118210983,-0.0010316368638237927,-0.01347017318794097,-0.0016684362202338265,-0.004499826929733275,-0.014338869225882678,-0.011147034695748625,0.009299442033478211,-0.008718276860339436
2018-01-30,-0.005894260538223395,0.0,-0.023809523809523725,-0.009380378657487198,-0.003960278992788946,-0.008204193254329972,-0.01425591098748269,-0.006168861062517128,-0.01517665430411863,-0.020270270270270285,-0.00812173840361663
2018-01-31,0.0027549859256155163,0.0,-0.01332240213158431,0.004864911823473372,-0.012402824758174669,0.007659313725490113,0.0,-0.006577728367611724,-0.004509191814082492,0.01379310344827589,-0.002279829099833819
2018-02-01,0.0020904258496086126,0.0,-0.010178645616950477,0.010374340797095094,0.008592717221487911,-0.004104591061112717,0.014109347442680775,-0.01921104168609522,-0.004977600796416182,-0.009276437847866581,-0.00016570890591283138
2018-02-02,-0.04416497794731189,0.0,-0.03147953830010497,-0.022161375887738588,-0.017217753946976333,-0.021981376889024684,-0.020347826086956622,-0.016449557858704944,-0.029664832416208098,-0.02372034956304614,-0.021842308960139722
2018-02-05,-0.017958471035729895,0.0,-0.02751895991332609,-0.047952397619880904,-0.0481328806983512,-0.09224285937256127,-0.03461743298420006,-0.04592034029389025,-0.05598803938753416,-0.04667519181585689,-0.037249446395397956
2018-02-06,0.035176836624547514,0.0,0.0006684491978607987,0.030422794117646923,0.03095147115017194,-0.015130674002750921,0.02041191614564153,0.016617691762083275,0.0433073016219756,0.024144869215291687,0.0221380554684798
2018-02-07,-0.021407102987180293,0.0,0.0064573591627701266,0.006779056284006879,-0.002718062762540052,0.004539106145251326,-0.0027031897639212543,-0.014452307385627416,0.0013086264656616553,-0.00130975769482633,-0.003615804226689723
2018-02-08,-0.02645104675943344,0.0,-0.05420353982300885,-0.04421015327367772,-0.04819127849355809,-0.037191518943343715,-0.037043729671124126,0.015271035598705573,-0.052642584557478056,-0.05245901639344264,-0.03000457624717079
2018-02-09,0.004184908575843638,0.0,0.026198830409356777,0.020022246941045818,0.008265000650787613,0.013176895306859393,0.014824544942765971,-0.004482518179101502,0.01600264871426993,0.0339100346020762,0.009057589271834754
2018-02-12,0.04321343848175929,0.0,0.021882835650786303,0.015448927662667922,0.02762537920351127,0.006591840370568258,0.009800295857988361,0.02461476886131675,-0.00032587442971987457,-0.008032128514056325,0.015666685088087773
2018-02-13,0.010017823120889835,0.0,-0.008253401739906185,0.006175049221407214,0.013127316123358934,0.026548672566371723,0.0036623329060612164,0.00634765625,-0.0018472237313919004,-0.010121457489878583,0.005397844232949867
2018-02-14,0.01843738590726529,0.0,0.02069275753486277,0.02312550031130467,0.012275263484190946,0.026724137931034564,0.021346469622331554,-0.0049490538573506715,0.005279773568473756,0.015678254942058656,0.010865124654866998
2018-02-15,0.03357829957579028,0.0,0.01189951520493615,0.004172824480570547,0.021619304262616268,0.007892527287993278,0.003215434083601254,0.011215135556855937,0.0031403974227082188,-0.003355704697986628,0.011252452442398253
2018-02-16,-0.003237181339961759,0.0,-0.007839721254355503,-0.007185525062765041,0.015766440860859765,-0.0011662779073642326,0.001602564102564319,0.005979361558491547,0.009175797484751946,0.013468013468013407,0.0030444138659979636
2018-02-20,-0.003363683813721652,0.0,0.01668129938542573,0.00026159748866394494,-0.027561378659112346,0.0,0.0030222222222222594,-0.013996740485092474,-0.0013905974220462802,-0.020598006644518274,-0.005608858708421205
2018-02-21,-0.004538842013383837,0.0,-0.008203799654576849,0.00418446517304516,-0.016265096801602152,-0.003669724770642313,0.0005317263381778847,0.008458920758386057,-0.01954903326013613,-0.016960651289009476,-0.0058725411493590896
2018-02-22,0.00894370725434035,0.0,-0.0030474531998258003,-0.00182307491969802,0.01277068295391448,-0.01540264523689927,-0.009743135518157642,-0.007134593135364575,0.01316508248661652,0.008971704623878418,0.0032139649185476404
2018-02-23,0.017120509849362753,0.0,0.042139737991266246,0.020264393807618575,0.012670565302144388,0.006121407923822542,0.017889087656529412,0.030394251310934095,0.015528117754892934,-0.008891928864569021,0.01479683174994606
2018-02-26,0.01945259320440873,0.0,0.028912633563796586,0.01244565680675147,0.007338787295476434,0.01352036504985632,0.022495606326889295,0.005371783997738522,0.0005840191133528183,0.01104209799861966,0.009166634758303038
2018-02-27,-0.0032407666089290244,0.0,0.01628996131134186,-0.011871684768881119,-0.023169712170070467,-0.012673003168250818,-0.0032657270539704353,-0.024371953505812005,-0.01846545686087242,-0.010238907849829393,-0.010704309042025573
2018-02-28,-0.0015135377543583628,0.0,-0.012422360248447228,-0.015848670756646088,-0.016566817459347183,-0.01351123121094433,-0.016554578375582052,-0.005092236740968481,-0.014650232457562917,-0.026896551724137963,-0.009583544660991428
2018-03-01,-0.017516281158769353,0.14440368357880984,-0.029417731791438362,-0.017922077922077784,-0.025237769627649786,-0.01883239171374751,-0.026652638961949693,0.010912602607436206,-0.014429143578208237,-0.006378454996456506,0.012736168766674716
2018-03-02,0.006914285714285873,-0.004192962738826078,0.02382943143812688,-0.000969761086132781,-0.0223200051017155,0.0017448961786772355,-0.00252206809583877,0.02034772640427951,-0.006568692941438248,0.007132667617689048,-0.0010743408654608766
2018-03-05,0.00346177855967289,0.01059165689976993,0.015720702327480796,0.01535474761736677,0.027591155175787696,0.003135342274865227,0.01878273433267119,0.008332553131729314,0.018379468788523923,0.021246458923512845,0.013646461440812274
2018-03-06,-0.0008483203257549921,0.0036510459172716114,0.01929648241206028,0.0008691117677732674,0.0061571664339215015,-0.009029345372460584,0.00815458252082979,0.0025998142989787087,-0.0005502366017389182,0.015256588072122268,0.002669936686843233
2018-03-07,-0.009282843719929712,0.008174270307284015,0.012029185564977452,-0.003733935394234056,-0.0038483376443125827,-0.00823550026283515,0.0005275189027607041,-0.010094461937395716,-0.016846509579387603,-0.008879781420765065,-0.004232767518713265
2018-03-08,0.010912415014568966,-0.14187312744228442,-0.011301636788776381,8.716116098650417e-05,0.02001266624445841,0.0021201413427562876,-0.021265377855887557,0.019739919543455775,-0.0035838279762572256,0.000689179875947632,-0.024852183855455956
2018-03-09,0.017180965298971396,0.0,0.028577059519117043,0.02876067631166146,0.04265491121321263,0.026622002820874346,0.027653079547494963,-0.006422018348623881,0.023715859278408358,0.02892561983471076,0.01933900880469075
2018-03-12,0.009667740860095586,0.0,-0.012837708373251489,-0.0032192477126399277,-0.023223962365271356,-0.003606388459556742,-0.013803948977808789,-0.010710987996306431,-0.013449714536670987,0.010709504685408211,-0.006712533028808032
2018-03-13,-0.009630200308166414,0.0,0.005046583850931485,-0.011983681795002421,-0.016521368042431317,-0.00792830058600491,-0.00850460666194186,0.0009333582228856496,-0.007567748038506572,-0.044370860927152256,-0.007481325706516828
2018-03-14,-0.008501416902817138,0.0,0.0015449980687525233,-0.011182795698924775,-0.006880733944953921,-0.016157053509381458,-0.019478198713366868,-0.015199552405818717,-0.005270535463975379,-0.011088011088011274,-0.0076532724652012
2018-03-15,0.0011768661735036545,0.0,-0.01889703046664093,0.002522836015658836,-0.003807502652768302,0.003531696980398902,-0.00036449790413695116,-0.00587065618786109,0.0037201961557973284,0.006306937631394671,-0.0006986749690501837
2018-03-16,-0.0035264483627204246,0.0,0.0056996855345912145,0.001735508503991845,0.026817042606516184,-0.01636459616399777,0.0027347310847767314,-0.014572816458710336,0.004998034480822255,-0.0034818941504177747,0.002393290295309436
2018-03-19,-0.015279182114369183,0.0,-0.006644518272425404,-0.007882882882882969,-0.02654381254576521,-0.0075134168157424686,-0.011999999999999789,-0.016624782524647164,-0.010393383996423866,-0.016771488469601747,-0.011821631637431107
2018-03-20,-0.0003422703936108995,0.0,0.01416486326972266,0.0009604470444426472,0.002883470193694171,-0.010454217736121096,0.0016562384983436207,-0.01444859445645763,0.005985319028797287,-0.030561478322672198,-9.049209122957702e-05
2018-03-21,-0.022654645058205913,0.0,0.00019398642095058705,0.0008722958827631633,-0.012125757859866249,-0.002003642987249532,0.0033069998162780223,-0.02513214321332391,-0.0007858105074090016,0.017595307917888547,-0.007375772884305687
2018-03-22,-0.014158930343901477,0.0,-0.014158262218774365,-0.04174655743419897,-0.04093641252768099,-0.041248402993246946,-0.04742721113349202,-0.0008184143222506046,-0.015335355578025012,-0.03818443804034588,-0.020609600202691536
2018-03-23,-0.023127720690574116,0.0,-0.028919929175683534,-0.02673942701227816,-0.02361789154242,-0.02950694841043211,-0.024798154555940144,-0.020886659158390608,-0.019909863654515303,-0.02097378277153572,-0.019125612779772982
2018-03-26,0.04747180793015637,0.0,0.06320907617504035,0.03083823941687669,0.03608108108108121,0.025696351510396287,0.02779420461265536,0.007529018090557393,0.0266589057043074,-0.013771996939556108,0.02603284463161537
2018-03-27,-0.02564102564102566,0.0,-0.02458079268292679,-0.019399873084942287,-0.007695317594887285,-0.022757697456492587,-0.027234369006520875,0.0039439543331605265,-0.009638280984238468,0.0426687354538402,-0.01148831014055851
